dims,periodic_space,distance_metric,N,ϕC0,prob_EV,λ,cycle,sor_vec,T,S,prob_move,sor_orientation,x0,μ,generation,trial,mean_ϕC,std_ϕC
(400  200),true,euclidean,1000,0.0,0.6,0.0,1,[(100  100)  (300  100)],0.5,0.9,0.0,0.1,4.0,0.01,10000,10,0.5454,0.0051
(400  200),true,euclidean,1000,0.0,0.8,0.0,1,[(100  100)  (300  100)],0.4,-0.7,0.4,0.1,4.0,0.01,10000,10,0.7848,0.1415
(400  200),true,euclidean,1000,0.0,0.7,0.0,1,[(100  100)  (300  100)],1.6,-0.8,0.8,0.1,4.0,0.01,10000,10,0.8114,0.0754
(400  200),true,euclidean,1000,0.0,0.4,0.0,1,[(100  100)  (300  100)],1.0,0.9,0.9,0.1,4.0,0.01,10000,10,0.8898,0.0521
(400  200),true,euclidean,1000,0.0,0.6,0.0,1,[(100  100)  (300  100)],1.3,0.4,0.1,0.1,4.0,0.01,10000,10,0.4798,0.097
(400  200),true,euclidean,1000,0.0,0.0,0.0,1,[(100  100)  (300  100)],2.0,0.7,0.4,0.1,4.0,0.01,10000,10,0.5469,0.0269
(400  200),true,euclidean,1000,0.0,0.1,0.0,1,[(100  100)  (300  100)],1.3,0.1,0.9,0.1,4.0,0.01,10000,10,0.8879,0.0295
(400  200),true,euclidean,1000,0.0,0.4,0.0,1,[(100  100)  (300  100)],1.1,-0.9,1.0,0.1,4.0,0.01,10000,10,0.8772,0.0485
(400  200),true,euclidean,1000,0.0,0.7,0.0,1,[(100  100)  (300  100)],0.9,-0.7,0.9,0.1,4.0,0.01,10000,10,0.903,0.0727
(400  200),true,euclidean,1000,0.0,0.3,0.0,1,[(100  100)  (300  100)],0.6,0.0,0.3,0.1,4.0,0.01,10000,10,0.818,0.0586
(400  200),true,euclidean,1000,0.0,0.7,0.0,1,[(100  100)  (300  100)],1.7,-0.2,0.4,0.1,4.0,0.01,10000,10,0.6345,0.0898
(400  200),true,euclidean,1000,0.0,0.9,0.0,1,[(100  100)  (300  100)],1.3,-1.0,0.8,0.1,4.0,0.01,10000,10,0.7927,0.1
(400  200),true,euclidean,1000,0.0,0.3,0.0,1,[(100  100)  (300  100)],0.5,0.1,0.1,0.1,4.0,0.01,10000,10,0.6739,0.0959
(400  200),true,euclidean,1000,0.0,1.0,0.0,1,[(100  100)  (300  100)],1.4,-1.0,0.9,0.1,4.0,0.01,10000,10,0.793,0.1426
(400  200),true,euclidean,1000,0.0,0.9,0.0,1,[(100  100)  (300  100)],0.1,0.1,0.3,0.1,4.0,0.01,10000,10,0.8732,0.0465
(400  200),true,euclidean,1000,0.0,0.6,0.0,1,[(100  100)  (300  100)],1.4,-0.5,0.8,0.1,4.0,0.01,10000,10,0.8446,0.0361
(400  200),true,euclidean,1000,0.0,0.2,0.0,1,[(100  100)  (300  100)],1.5,-0.4,0.1,0.1,4.0,0.01,10000,10,0.4544,0.071
(400  200),true,euclidean,1000,0.0,0.0,0.0,1,[(100  100)  (300  100)],0.4,0.3,0.8,0.1,4.0,0.01,10000,10,0.6275,0.0158
(400  200),true,euclidean,1000,0.0,0.4,0.0,1,[(100  100)  (300  100)],1.8,-0.7,0.0,0.1,4.0,0.01,10000,10,0.4571,0.0067
(400  200),true,euclidean,1000,0.0,0.5,0.0,1,[(100  100)  (300  100)],1.1,-0.4,0.1,0.1,4.0,0.01,10000,10,0.4413,0.0807
(400  200),true,euclidean,1000,0.0,0.6,0.0,1,[(100  100)  (300  100)],0.6,-0.3,0.8,0.1,4.0,0.01,10000,10,0.8217,0.0425
(400  200),true,euclidean,1000,0.0,0.9,0.0,1,[(100  100)  (300  100)],0.8,1.0,0.9,0.1,4.0,0.01,10000,10,0.9644,0.0184
(400  200),true,euclidean,1000,0.0,0.3,0.0,1,[(100  100)  (300  100)],0.5,0.2,0.3,0.1,4.0,0.01,10000,10,0.8415,0.0327
(400  200),true,euclidean,1000,0.0,0.8,0.0,1,[(100  100)  (300  100)],0.2,-0.6,0.0,0.1,4.0,0.01,10000,10,0.454,0.0091
(400  200),true,euclidean,1000,0.0,1.0,0.0,1,[(100  100)  (300  100)],1.4,-0.6,0.6,0.1,4.0,0.01,10000,10,0.7892,0.1097
(400  200),true,euclidean,1000,0.0,0.2,0.0,1,[(100  100)  (300  100)],0.0,-0.1,1.0,0.1,4.0,0.01,10000,10,0.9315,0.0217
(400  200),true,euclidean,1000,0.0,0.2,0.0,1,[(100  100)  (300  100)],1.2,1.0,0.7,0.1,4.0,0.01,10000,10,0.8763,0.031
(400  200),true,euclidean,1000,0.0,0.7,0.0,1,[(100  100)  (300  100)],1.7,0.5,0.3,0.1,4.0,0.01,10000,10,0.6011,0.0499
(400  200),true,euclidean,1000,0.0,0.5,0.0,1,[(100  100)  (300  100)],1.4,0.5,0.3,0.1,4.0,0.01,10000,10,0.758,0.0619
(400  200),true,euclidean,1000,0.0,0.6,0.0,1,[(100  100)  (300  100)],1.7,0.5,0.3,0.1,4.0,0.01,10000,10,0.602,0.0655
(400  200),true,euclidean,1000,0.0,0.6,0.0,1,[(100  100)  (300  100)],1.5,-0.8,0.7,0.1,4.0,0.01,10000,10,0.799,0.089
(400  200),true,euclidean,1000,0.0,0.9,0.0,1,[(100  100)  (300  100)],0.4,-0.9,0.5,0.1,4.0,0.01,10000,10,0.8333,0.0887
(400  200),true,euclidean,1000,0.0,0.5,0.0,1,[(100  100)  (300  100)],0.5,-0.7,0.2,0.1,4.0,0.01,10000,10,0.6411,0.1452
(400  200),true,euclidean,1000,0.0,0.7,0.0,1,[(100  100)  (300  100)],0.4,-0.9,0.1,0.1,4.0,0.01,10000,10,0.4755,0.095
(400  200),true,euclidean,1000,0.0,0.1,0.0,1,[(100  100)  (300  100)],0.5,-0.7,0.8,0.1,4.0,0.01,10000,10,0.8811,0.0734
(400  200),true,euclidean,1000,0.0,0.3,0.0,1,[(100  100)  (300  100)],1.9,0.6,0.2,0.1,4.0,0.01,10000,10,0.5851,0.05
(400  200),true,euclidean,1000,0.0,0.5,0.0,1,[(100  100)  (300  100)],1.3,-1.0,0.7,0.1,4.0,0.01,10000,10,0.7717,0.1054
(400  200),true,euclidean,1000,0.0,0.9,0.0,1,[(100  100)  (300  100)],0.9,0.8,0.3,0.1,4.0,0.01,10000,10,0.8243,0.0692
(400  200),true,euclidean,1000,0.0,0.6,0.0,1,[(100  100)  (300  100)],0.4,0.7,0.4,0.1,4.0,0.01,10000,10,0.9415,0.0196
(400  200),true,euclidean,1000,0.0,0.2,0.0,1,[(100  100)  (300  100)],1.7,-0.5,0.3,0.1,4.0,0.01,10000,10,0.6833,0.1296
(400  200),true,euclidean,1000,0.0,0.2,0.0,1,[(100  100)  (300  100)],1.1,1.0,0.9,0.1,4.0,0.01,10000,10,0.9032,0.0387
(400  200),true,euclidean,1000,0.0,0.4,0.0,1,[(100  100)  (300  100)],0.1,0.0,0.6,0.1,4.0,0.01,10000,10,0.8799,0.0696
(400  200),true,euclidean,1000,0.0,0.7,0.0,1,[(100  100)  (300  100)],1.9,-0.1,0.2,0.1,4.0,0.01,10000,10,0.4554,0.1113
(400  200),true,euclidean,1000,0.0,0.3,0.0,1,[(100  100)  (300  100)],1.9,0.4,1.0,0.1,4.0,0.01,10000,10,0.7931,0.0425
(400  200),true,euclidean,1000,0.0,0.0,0.0,1,[(100  100)  (300  100)],0.9,0.0,0.1,0.1,4.0,0.01,10000,10,0.6927,0.0227
(400  200),true,euclidean,1000,0.0,0.1,0.0,1,[(100  100)  (300  100)],0.1,0.3,0.6,0.1,4.0,0.01,10000,10,0.9777,0.0108
(400  200),true,euclidean,1000,0.0,0.8,0.0,1,[(100  100)  (300  100)],2.0,0.6,0.4,0.1,4.0,0.01,10000,10,0.5893,0.0608
(400  200),true,euclidean,1000,0.0,0.5,0.0,1,[(100  100)  (300  100)],1.1,-0.6,0.7,0.1,4.0,0.01,10000,10,0.7942,0.0532
(400  200),true,euclidean,1000,0.0,0.3,0.0,1,[(100  100)  (300  100)],0.4,0.7,1.0,0.1,4.0,0.01,10000,10,0.9741,0.0081
(400  200),true,euclidean,1000,0.0,0.4,0.0,1,[(100  100)  (300  100)],2.0,-0.3,0.8,0.1,4.0,0.01,10000,10,0.7173,0.0742
(400  200),true,euclidean,1000,0.0,0.9,0.0,1,[(100  100)  (300  100)],1.3,0.0,0.8,0.1,4.0,0.01,10000,10,0.8519,0.0718
(400  200),true,euclidean,1000,0.0,0.5,0.0,1,[(100  100)  (300  100)],0.2,-0.4,0.8,0.1,4.0,0.01,10000,10,0.8494,0.0501
(400  200),true,euclidean,1000,0.0,0.2,0.0,1,[(100  100)  (300  100)],1.7,0.4,0.8,0.1,4.0,0.01,10000,10,0.7653,0.0363
(400  200),true,euclidean,1000,0.0,0.2,0.0,1,[(100  100)  (300  100)],0.3,-0.5,0.9,0.1,4.0,0.01,10000,10,0.9122,0.0279
(400  200),true,euclidean,1000,0.0,0.7,0.0,1,[(100  100)  (300  100)],0.7,0.4,0.7,0.1,4.0,0.01,10000,10,0.9019,0.051
(400  200),true,euclidean,1000,0.0,0.5,0.0,1,[(100  100)  (300  100)],0.0,-1.0,0.4,0.1,4.0,0.01,10000,10,0.808,0.0491
(400  200),true,euclidean,1000,0.0,0.0,0.0,1,[(100  100)  (300  100)],1.6,0.9,0.9,0.1,4.0,0.01,10000,10,0.5869,0.0231
(400  200),true,euclidean,1000,0.0,0.1,0.0,1,[(100  100)  (300  100)],1.6,-0.7,0.1,0.1,4.0,0.01,10000,10,0.5031,0.08
(400  200),true,euclidean,1000,0.0,1.0,0.0,1,[(100  100)  (300  100)],2.0,0.5,0.8,0.1,4.0,0.01,10000,10,0.6669,0.0542
(400  200),true,euclidean,1000,0.0,1.0,0.0,1,[(100  100)  (300  100)],0.5,-0.3,0.6,0.1,4.0,0.01,10000,10,0.8283,0.1043
(400  200),true,euclidean,1000,0.0,0.8,0.0,1,[(100  100)  (300  100)],2.0,-0.9,0.9,0.1,4.0,0.01,10000,10,0.8313,0.1263
(400  200),true,euclidean,1000,0.0,1.0,0.0,1,[(100  100)  (300  100)],0.5,0.7,0.1,0.1,4.0,0.01,10000,10,0.7722,0.0464
(400  200),true,euclidean,1000,0.0,0.5,0.0,1,[(100  100)  (300  100)],0.4,0.9,0.1,0.1,4.0,0.01,10000,10,0.8489,0.0286
(400  200),true,euclidean,1000,0.0,0.0,0.0,1,[(100  100)  (300  100)],2.0,-1.0,0.3,0.1,4.0,0.01,10000,10,0.6055,0.034
(400  200),true,euclidean,1000,0.0,1.0,0.0,1,[(100  100)  (300  100)],1.2,-0.5,0.0,0.1,4.0,0.01,10000,10,0.4533,0.0077
(400  200),true,euclidean,1000,0.0,0.1,0.0,1,[(100  100)  (300  100)],0.1,-0.3,0.9,0.1,4.0,0.01,10000,10,0.9726,0.0279
(400  200),true,euclidean,1000,0.0,0.2,0.0,1,[(100  100)  (300  100)],0.2,-0.7,0.2,0.1,4.0,0.01,10000,10,0.8099,0.0584
(400  200),true,euclidean,1000,0.0,0.3,0.0,1,[(100  100)  (300  100)],1.4,-0.5,1.0,0.1,4.0,0.01,10000,10,0.8722,0.0551
(400  200),true,euclidean,1000,0.0,0.1,0.0,1,[(100  100)  (300  100)],2.0,0.7,1.0,0.1,4.0,0.01,10000,10,0.7056,0.0441
(400  200),true,euclidean,1000,0.0,0.2,0.0,1,[(100  100)  (300  100)],1.8,-1.0,1.0,0.1,4.0,0.01,10000,10,0.8341,0.0898
(400  200),true,euclidean,1000,0.0,0.7,0.0,1,[(100  100)  (300  100)],1.0,0.2,1.0,0.1,4.0,0.01,10000,10,0.9026,0.0508
(400  200),true,euclidean,1000,0.0,0.1,0.0,1,[(100  100)  (300  100)],0.7,0.5,0.8,0.1,4.0,0.01,10000,10,0.9421,0.0349
(400  200),true,euclidean,1000,0.0,0.5,0.0,1,[(100  100)  (300  100)],1.1,-0.7,0.7,0.1,4.0,0.01,10000,10,0.786,0.0545
(400  200),true,euclidean,1000,0.0,0.0,0.0,1,[(100  100)  (300  100)],1.0,0.9,0.8,0.1,4.0,0.01,10000,10,0.6331,0.0163
(400  200),true,euclidean,1000,0.0,0.7,0.0,1,[(100  100)  (300  100)],0.7,-0.7,0.4,0.1,4.0,0.01,10000,10,0.6847,0.104
(400  200),true,euclidean,1000,0.0,0.9,0.0,1,[(100  100)  (300  100)],0.5,0.9,0.0,0.1,4.0,0.01,10000,10,0.5451,0.01
(400  200),true,euclidean,1000,0.0,0.5,0.0,1,[(100  100)  (300  100)],1.3,0.2,0.1,0.1,4.0,0.01,10000,10,0.5064,0.0651
(400  200),true,euclidean,1000,0.0,0.9,0.0,1,[(100  100)  (300  100)],1.6,-0.3,0.6,0.1,4.0,0.01,10000,10,0.8048,0.086
(400  200),true,euclidean,1000,0.0,0.0,0.0,1,[(100  100)  (300  100)],1.1,1.0,0.1,0.1,4.0,0.01,10000,10,0.6779,0.0125
(400  200),true,euclidean,1000,0.0,0.9,0.0,1,[(100  100)  (300  100)],1.5,-0.9,1.0,0.1,4.0,0.01,10000,10,0.8368,0.1172
(400  200),true,euclidean,1000,0.0,0.2,0.0,1,[(100  100)  (300  100)],1.8,-0.1,0.5,0.1,4.0,0.01,10000,10,0.694,0.0684
(400  200),true,euclidean,1000,0.0,0.4,0.0,1,[(100  100)  (300  100)],0.2,-0.1,0.1,0.1,4.0,0.01,10000,10,0.6519,0.0664
(400  200),true,euclidean,1000,0.0,0.8,0.0,1,[(100  100)  (300  100)],1.4,-0.4,0.4,0.1,4.0,0.01,10000,10,0.6833,0.1347
(400  200),true,euclidean,1000,0.0,0.1,0.0,1,[(100  100)  (300  100)],1.3,-0.5,0.0,0.1,4.0,0.01,10000,10,0.452,0.007
(400  200),true,euclidean,1000,0.0,0.0,0.0,1,[(100  100)  (300  100)],1.4,0.0,0.3,0.1,4.0,0.01,10000,10,0.5963,0.0207
(400  200),true,euclidean,1000,0.0,0.9,0.0,1,[(100  100)  (300  100)],1.3,-0.9,0.1,0.1,4.0,0.01,10000,10,0.4953,0.099
(400  200),true,euclidean,1000,0.0,0.7,0.0,1,[(100  100)  (300  100)],1.0,-0.8,0.8,0.1,4.0,0.01,10000,10,0.8518,0.1263
(400  200),true,euclidean,1000,0.0,1.0,0.0,1,[(100  100)  (300  100)],0.1,-0.4,1.0,0.1,4.0,0.01,10000,10,0.9159,0.0487
(400  200),true,euclidean,1000,0.0,0.3,0.0,1,[(100  100)  (300  100)],0.1,0.1,0.6,0.1,4.0,0.01,10000,10,0.9497,0.0127
(400  200),true,euclidean,1000,0.0,0.2,0.0,1,[(100  100)  (300  100)],0.0,0.5,0.9,0.1,4.0,0.01,10000,10,0.9732,0.0066
(400  200),true,euclidean,1000,0.0,0.2,0.0,1,[(100  100)  (300  100)],0.0,1.0,0.3,0.1,4.0,0.01,10000,10,0.9617,0.0081
(400  200),true,euclidean,1000,0.0,0.7,0.0,1,[(100  100)  (300  100)],0.9,-0.9,0.1,0.1,4.0,0.01,10000,10,0.527,0.0759
(400  200),true,euclidean,1000,0.0,1.0,0.0,1,[(100  100)  (300  100)],1.5,-0.1,0.6,0.1,4.0,0.01,10000,10,0.7302,0.1463
(400  200),true,euclidean,1000,0.0,0.2,0.0,1,[(100  100)  (300  100)],0.2,0.7,0.3,0.1,4.0,0.01,10000,10,0.9586,0.0122
(400  200),true,euclidean,1000,0.0,0.5,0.0,1,[(100  100)  (300  100)],0.0,0.1,0.0,0.1,4.0,0.01,10000,10,0.5466,0.0102
(400  200),true,euclidean,1000,0.0,0.5,0.0,1,[(100  100)  (300  100)],0.0,0.9,0.5,0.1,4.0,0.01,10000,10,0.9503,0.0245
(400  200),true,euclidean,1000,0.0,1.0,0.0,1,[(100  100)  (300  100)],1.9,0.9,0.9,0.1,4.0,0.01,10000,10,0.713,0.0426
(400  200),true,euclidean,1000,0.0,0.0,0.0,1,[(100  100)  (300  100)],0.2,-0.3,0.6,0.1,4.0,0.01,10000,10,0.6024,0.0223
(400  200),true,euclidean,1000,0.0,0.5,0.0,1,[(100  100)  (300  100)],0.0,0.1,0.6,0.1,4.0,0.01,10000,10,0.9619,0.0105
(400  200),true,euclidean,1000,0.0,0.0,0.0,1,[(100  100)  (300  100)],1.0,-0.2,0.0,0.1,4.0,0.01,10000,10,0.4052,0.0076
(400  200),true,euclidean,1000,0.0,0.3,0.0,1,[(100  100)  (300  100)],1.3,-0.5,0.5,0.1,4.0,0.01,10000,10,0.8072,0.0778
(400  200),true,euclidean,1000,0.0,0.4,0.0,1,[(100  100)  (300  100)],1.0,-0.3,0.8,0.1,4.0,0.01,10000,10,0.8571,0.0515
(400  200),true,euclidean,1000,0.0,0.9,0.0,1,[(100  100)  (300  100)],1.2,-0.7,0.9,0.1,4.0,0.01,10000,10,0.8878,0.0705
(400  200),true,euclidean,1000,0.0,0.0,0.0,1,[(100  100)  (300  100)],1.0,0.2,0.1,0.1,4.0,0.01,10000,10,0.7257,0.0098
(400  200),true,euclidean,1000,0.0,0.8,0.0,1,[(100  100)  (300  100)],1.0,0.6,1.0,0.1,4.0,0.01,10000,10,0.877,0.0555
(400  200),true,euclidean,1000,0.0,0.8,0.0,1,[(100  100)  (300  100)],0.7,0.8,0.1,0.1,4.0,0.01,10000,10,0.8007,0.056
(400  200),true,euclidean,1000,0.0,0.4,0.0,1,[(100  100)  (300  100)],1.0,-1.0,0.4,0.1,4.0,0.01,10000,10,0.7703,0.0496
(400  200),true,euclidean,1000,0.0,0.0,0.0,1,[(100  100)  (300  100)],0.7,-0.7,0.0,0.1,4.0,0.01,10000,10,0.4016,0.0095
(400  200),true,euclidean,1000,0.0,1.0,0.0,1,[(100  100)  (300  100)],0.8,0.5,0.0,0.1,4.0,0.01,10000,10,0.4601,0.0063
(400  200),true,euclidean,1000,0.0,0.7,0.0,1,[(100  100)  (300  100)],1.3,-0.4,0.3,0.1,4.0,0.01,10000,10,0.6488,0.1447
(400  200),true,euclidean,1000,0.0,0.2,0.0,1,[(100  100)  (300  100)],0.5,0.1,0.2,0.1,4.0,0.01,10000,10,0.8219,0.0769
(400  200),true,euclidean,1000,0.0,0.2,0.0,1,[(100  100)  (300  100)],1.1,-0.5,1.0,0.1,4.0,0.01,10000,10,0.8715,0.05
(400  200),true,euclidean,1000,0.0,1.0,0.0,1,[(100  100)  (300  100)],1.0,-0.1,0.3,0.1,4.0,0.01,10000,10,0.642,0.1386
(400  200),true,euclidean,1000,0.0,0.4,0.0,1,[(100  100)  (300  100)],2.0,0.1,0.8,0.1,4.0,0.01,10000,10,0.6942,0.0618
(400  200),true,euclidean,1000,0.0,0.3,0.0,1,[(100  100)  (300  100)],0.9,0.4,0.4,0.1,4.0,0.01,10000,10,0.8424,0.0489
(400  200),true,euclidean,1000,0.0,0.5,0.0,1,[(100  100)  (300  100)],0.5,-0.9,0.2,0.1,4.0,0.01,10000,10,0.6582,0.1064
(400  200),true,euclidean,1000,0.0,0.2,0.0,1,[(100  100)  (300  100)],0.7,0.2,0.8,0.1,4.0,0.01,10000,10,0.9172,0.0414
(400  200),true,euclidean,1000,0.0,0.2,0.0,1,[(100  100)  (300  100)],0.7,-0.5,0.9,0.1,4.0,0.01,10000,10,0.8919,0.0348
(400  200),true,euclidean,1000,0.0,0.4,0.0,1,[(100  100)  (300  100)],0.5,0.7,0.1,0.1,4.0,0.01,10000,10,0.8391,0.034
(400  200),true,euclidean,1000,0.0,0.7,0.0,1,[(100  100)  (300  100)],1.9,-0.3,0.3,0.1,4.0,0.01,10000,10,0.5781,0.1658
(400  200),true,euclidean,1000,0.0,0.7,0.0,1,[(100  100)  (300  100)],0.4,-0.1,0.8,0.1,4.0,0.01,10000,10,0.8682,0.0459
(400  200),true,euclidean,1000,0.0,1.0,0.0,1,[(100  100)  (300  100)],1.3,0.9,0.5,0.1,4.0,0.01,10000,10,0.7874,0.08
(400  200),true,euclidean,1000,0.0,1.0,0.0,1,[(100  100)  (300  100)],1.3,-0.9,0.9,0.1,4.0,0.01,10000,10,0.836,0.1164
(400  200),true,euclidean,1000,0.0,0.8,0.0,1,[(100  100)  (300  100)],1.1,0.5,0.3,0.1,4.0,0.01,10000,10,0.7778,0.0675
(400  200),true,euclidean,1000,0.0,0.7,0.0,1,[(100  100)  (300  100)],1.7,0.0,0.4,0.1,4.0,0.01,10000,10,0.579,0.0662
(400  200),true,euclidean,1000,0.0,0.9,0.0,1,[(100  100)  (300  100)],1.9,0.5,0.2,0.1,4.0,0.01,10000,10,0.5039,0.0829
(400  200),true,euclidean,1000,0.0,0.9,0.0,1,[(100  100)  (300  100)],1.9,0.3,0.4,0.1,4.0,0.01,10000,10,0.5777,0.0822
(400  200),true,euclidean,1000,0.0,0.8,0.0,1,[(100  100)  (300  100)],1.3,0.5,0.9,0.1,4.0,0.01,10000,10,0.8748,0.0513
(400  200),true,euclidean,1000,0.0,0.6,0.0,1,[(100  100)  (300  100)],1.0,-0.9,0.7,0.1,4.0,0.01,10000,10,0.82,0.0863
(400  200),true,euclidean,1000,0.0,0.2,0.0,1,[(100  100)  (300  100)],1.8,-0.8,0.6,0.1,4.0,0.01,10000,10,0.7394,0.0879
(400  200),true,euclidean,1000,0.0,0.2,0.0,1,[(100  100)  (300  100)],0.4,0.1,0.9,0.1,4.0,0.01,10000,10,0.9349,0.0273
(400  200),true,euclidean,1000,0.0,0.2,0.0,1,[(100  100)  (300  100)],0.3,-0.3,0.6,0.1,4.0,0.01,10000,10,0.8833,0.0197
(400  200),true,euclidean,1000,0.0,0.6,0.0,1,[(100  100)  (300  100)],0.9,0.1,0.5,0.1,4.0,0.01,10000,10,0.8472,0.0501
(400  200),true,euclidean,1000,0.0,0.2,0.0,1,[(100  100)  (300  100)],2.0,0.7,0.3,0.1,4.0,0.01,10000,10,0.596,0.0274
(400  200),true,euclidean,1000,0.0,0.1,0.0,1,[(100  100)  (300  100)],0.3,0.6,0.2,0.1,4.0,0.01,10000,10,0.9532,0.0105
(400  200),true,euclidean,1000,0.0,0.5,0.0,1,[(100  100)  (300  100)],1.6,0.4,0.4,0.1,4.0,0.01,10000,10,0.6901,0.0425
(400  200),true,euclidean,1000,0.0,0.6,0.0,1,[(100  100)  (300  100)],1.0,0.8,0.5,0.1,4.0,0.01,10000,10,0.856,0.036
(400  200),true,euclidean,1000,0.0,0.4,0.0,1,[(100  100)  (300  100)],0.9,0.7,0.0,0.1,4.0,0.01,10000,10,0.46,0.0082
(400  200),true,euclidean,1000,0.0,1.0,0.0,1,[(100  100)  (300  100)],0.9,0.3,0.9,0.1,4.0,0.01,10000,10,0.9106,0.0452
(400  200),true,euclidean,1000,0.0,1.0,0.0,1,[(100  100)  (300  100)],0.3,0.4,0.2,0.1,4.0,0.01,10000,10,0.8982,0.0341
(400  200),true,euclidean,1000,0.0,0.2,0.0,1,[(100  100)  (300  100)],0.2,-0.3,0.7,0.1,4.0,0.01,10000,10,0.9221,0.0508
(400  200),true,euclidean,1000,0.0,0.8,0.0,1,[(100  100)  (300  100)],1.8,0.9,0.1,0.1,4.0,0.01,10000,10,0.4816,0.0452
(400  200),true,euclidean,1000,0.0,0.0,0.0,1,[(100  100)  (300  100)],1.1,0.8,0.7,0.1,4.0,0.01,10000,10,0.6372,0.0203
(400  200),true,euclidean,1000,0.0,0.1,0.0,1,[(100  100)  (300  100)],0.2,0.0,0.8,0.1,4.0,0.01,10000,10,0.9437,0.0353
(400  200),true,euclidean,1000,0.0,0.1,0.0,1,[(100  100)  (300  100)],0.8,-0.1,0.7,0.1,4.0,0.01,10000,10,0.8877,0.0621
(400  200),true,euclidean,1000,0.0,0.2,0.0,1,[(100  100)  (300  100)],1.6,0.9,0.3,0.1,4.0,0.01,10000,10,0.7465,0.0208
(400  200),true,euclidean,1000,0.0,0.6,0.0,1,[(100  100)  (300  100)],1.2,-0.2,0.2,0.1,4.0,0.01,10000,10,0.5797,0.0649
(400  200),true,euclidean,1000,0.0,0.0,0.0,1,[(100  100)  (300  100)],0.9,-0.1,0.8,0.1,4.0,0.01,10000,10,0.5622,0.0259
(400  200),true,euclidean,1000,0.0,0.5,0.0,1,[(100  100)  (300  100)],0.4,-0.4,0.0,0.1,4.0,0.01,10000,10,0.459,0.0058
(400  200),true,euclidean,1000,0.0,0.1,0.0,1,[(100  100)  (300  100)],0.4,0.5,0.3,0.1,4.0,0.01,10000,10,0.9701,0.0141
(400  200),true,euclidean,1000,0.0,0.7,0.0,1,[(100  100)  (300  100)],1.4,-0.2,0.5,0.1,4.0,0.01,10000,10,0.6927,0.1456
(400  200),true,euclidean,1000,0.0,0.0,0.0,1,[(100  100)  (300  100)],0.8,0.6,0.6,0.1,4.0,0.01,10000,10,0.6544,0.021
(400  200),true,euclidean,1000,0.0,0.8,0.0,1,[(100  100)  (300  100)],0.2,-0.3,0.1,0.1,4.0,0.01,10000,10,0.5191,0.0655
(400  200),true,euclidean,1000,0.0,0.1,0.0,1,[(100  100)  (300  100)],1.8,0.5,1.0,0.1,4.0,0.01,10000,10,0.8152,0.0524
(400  200),true,euclidean,1000,0.0,0.6,0.0,1,[(100  100)  (300  100)],1.3,-0.4,0.5,0.1,4.0,0.01,10000,10,0.6788,0.1772
(400  200),true,euclidean,1000,0.0,0.5,0.0,1,[(100  100)  (300  100)],2.0,0.4,0.0,0.1,4.0,0.01,10000,10,0.4536,0.0052
(400  200),true,euclidean,1000,0.0,0.3,0.0,1,[(100  100)  (300  100)],1.2,-0.4,0.9,0.1,4.0,0.01,10000,10,0.8298,0.0332
(400  200),true,euclidean,1000,0.0,0.7,0.0,1,[(100  100)  (300  100)],1.2,0.8,0.0,0.1,4.0,0.01,10000,10,0.4588,0.0065
(400  200),true,euclidean,1000,0.0,0.7,0.0,1,[(100  100)  (300  100)],0.5,-0.5,0.3,0.1,4.0,0.01,10000,10,0.7225,0.1365
(400  200),true,euclidean,1000,0.0,0.7,0.0,1,[(100  100)  (300  100)],0.6,-0.1,0.4,0.1,4.0,0.01,10000,10,0.7807,0.0853
(400  200),true,euclidean,1000,0.0,0.2,0.0,1,[(100  100)  (300  100)],0.6,0.2,1.0,0.1,4.0,0.01,10000,10,0.9233,0.0235
(400  200),true,euclidean,1000,0.0,0.7,0.0,1,[(100  100)  (300  100)],1.1,0.5,0.6,0.1,4.0,0.01,10000,10,0.8681,0.0445
(400  200),true,euclidean,1000,0.0,0.6,0.0,1,[(100  100)  (300  100)],1.6,1.0,0.1,0.1,4.0,0.01,10000,10,0.5801,0.0517
(400  200),true,euclidean,1000,0.0,0.5,0.0,1,[(100  100)  (300  100)],0.0,0.1,0.9,0.1,4.0,0.01,10000,10,0.9751,0.0103
(400  200),true,euclidean,1000,0.0,0.3,0.0,1,[(100  100)  (300  100)],0.7,-1.0,0.6,0.1,4.0,0.01,10000,10,0.8473,0.0384
(400  200),true,euclidean,1000,0.0,0.8,0.0,1,[(100  100)  (300  100)],1.6,1.0,0.3,0.1,4.0,0.01,10000,10,0.7037,0.0423
(400  200),true,euclidean,1000,0.0,0.4,0.0,1,[(100  100)  (300  100)],2.0,-0.1,0.5,0.1,4.0,0.01,10000,10,0.5745,0.0879
(400  200),true,euclidean,1000,0.0,0.4,0.0,1,[(100  100)  (300  100)],1.2,0.1,0.6,0.1,4.0,0.01,10000,10,0.8205,0.0575
(400  200),true,euclidean,1000,0.0,0.4,0.0,1,[(100  100)  (300  100)],1.7,0.5,0.0,0.1,4.0,0.01,10000,10,0.4539,0.0055
(400  200),true,euclidean,1000,0.0,0.2,0.0,1,[(100  100)  (300  100)],0.5,0.1,0.9,0.1,4.0,0.01,10000,10,0.9387,0.0268
(400  200),true,euclidean,1000,0.0,0.8,0.0,1,[(100  100)  (300  100)],1.7,0.1,1.0,0.1,4.0,0.01,10000,10,0.8079,0.0501
(400  200),true,euclidean,1000,0.0,0.6,0.0,1,[(100  100)  (300  100)],1.0,-0.9,0.3,0.1,4.0,0.01,10000,10,0.7251,0.0811
(400  200),true,euclidean,1000,0.0,0.0,0.0,1,[(100  100)  (300  100)],1.2,0.7,0.6,0.1,4.0,0.01,10000,10,0.6318,0.0199
(400  200),true,euclidean,1000,0.0,0.7,0.0,1,[(100  100)  (300  100)],2.0,0.2,0.8,0.1,4.0,0.01,10000,10,0.6984,0.0543
(400  200),true,euclidean,1000,0.0,0.0,0.0,1,[(100  100)  (300  100)],1.6,-0.8,0.0,0.1,4.0,0.01,10000,10,0.3991,0.0089
(400  200),true,euclidean,1000,0.0,0.5,0.0,1,[(100  100)  (300  100)],0.3,0.7,0.0,0.1,4.0,0.01,10000,10,0.5427,0.0072
(400  200),true,euclidean,1000,0.0,0.1,0.0,1,[(100  100)  (300  100)],0.0,1.0,0.3,0.1,4.0,0.01,10000,10,0.9636,0.0139
(400  200),true,euclidean,1000,0.0,0.5,0.0,1,[(100  100)  (300  100)],0.9,-0.7,0.7,0.1,4.0,0.01,10000,10,0.8501,0.0524
(400  200),true,euclidean,1000,0.0,0.4,0.0,1,[(100  100)  (300  100)],0.3,0.9,0.6,0.1,4.0,0.01,10000,10,0.9557,0.0158
(400  200),true,euclidean,1000,0.0,1.0,0.0,1,[(100  100)  (300  100)],0.8,0.7,0.4,0.1,4.0,0.01,10000,10,0.8319,0.1048
(400  200),true,euclidean,1000,0.0,0.4,0.0,1,[(100  100)  (300  100)],1.4,0.5,0.6,0.1,4.0,0.01,10000,10,0.808,0.0524
(400  200),true,euclidean,1000,0.0,1.0,0.0,1,[(100  100)  (300  100)],0.2,0.1,0.7,0.1,4.0,0.01,10000,10,0.9167,0.0566
(400  200),true,euclidean,1000,0.0,0.4,0.0,1,[(100  100)  (300  100)],0.4,-0.1,0.8,0.1,4.0,0.01,10000,10,0.9011,0.0392
(400  200),true,euclidean,1000,0.0,0.5,0.0,1,[(100  100)  (300  100)],1.3,1.0,0.9,0.1,4.0,0.01,10000,10,0.8625,0.0346
(400  200),true,euclidean,1000,0.0,0.2,0.0,1,[(100  100)  (300  100)],2.0,-0.1,0.2,0.1,4.0,0.01,10000,10,0.4788,0.0686
(400  200),true,euclidean,1000,0.0,0.5,0.0,1,[(100  100)  (300  100)],0.4,0.2,0.7,0.1,4.0,0.01,10000,10,0.9006,0.0394
(400  200),true,euclidean,1000,0.0,0.6,0.0,1,[(100  100)  (300  100)],1.6,0.1,0.9,0.1,4.0,0.01,10000,10,0.8248,0.057
(400  200),true,euclidean,1000,0.0,0.8,0.0,1,[(100  100)  (300  100)],1.8,0.8,1.0,0.1,4.0,0.01,10000,10,0.741,0.04
(400  200),true,euclidean,1000,0.0,0.3,0.0,1,[(100  100)  (300  100)],1.4,-0.6,0.5,0.1,4.0,0.01,10000,10,0.7695,0.0514
(400  200),true,euclidean,1000,0.0,0.0,0.0,1,[(100  100)  (300  100)],0.2,-0.1,0.6,0.1,4.0,0.01,10000,10,0.5992,0.0255
(400  200),true,euclidean,1000,0.0,0.4,0.0,1,[(100  100)  (300  100)],1.6,1.0,0.5,0.1,4.0,0.01,10000,10,0.7419,0.0405
(400  200),true,euclidean,1000,0.0,0.4,0.0,1,[(100  100)  (300  100)],0.1,-0.7,0.3,0.1,4.0,0.01,10000,10,0.8194,0.0496
(400  200),true,euclidean,1000,0.0,0.6,0.0,1,[(100  100)  (300  100)],1.4,-0.5,0.4,0.1,4.0,0.01,10000,10,0.7671,0.0702
(400  200),true,euclidean,1000,0.0,0.8,0.0,1,[(100  100)  (300  100)],2.0,0.0,0.2,0.1,4.0,0.01,10000,10,0.4188,0.085
(400  200),true,euclidean,1000,0.0,1.0,0.0,1,[(100  100)  (300  100)],0.9,0.7,0.7,0.1,4.0,0.01,10000,10,0.9056,0.0576
(400  200),true,euclidean,1000,0.0,0.3,0.0,1,[(100  100)  (300  100)],1.7,0.9,0.0,0.1,4.0,0.01,10000,10,0.4595,0.0052
(400  200),true,euclidean,1000,0.0,0.9,0.0,1,[(100  100)  (300  100)],1.3,-1.0,0.0,0.1,4.0,0.01,10000,10,0.4534,0.0102
(400  200),true,euclidean,1000,0.0,0.7,0.0,1,[(100  100)  (300  100)],1.1,-0.7,0.4,0.1,4.0,0.01,10000,10,0.7339,0.164
(400  200),true,euclidean,1000,0.0,0.3,0.0,1,[(100  100)  (300  100)],0.0,-0.6,0.9,0.1,4.0,0.01,10000,10,0.9256,0.021
(400  200),true,euclidean,1000,0.0,0.2,0.0,1,[(100  100)  (300  100)],1.3,-0.9,0.7,0.1,4.0,0.01,10000,10,0.8102,0.0577
(400  200),true,euclidean,1000,0.0,0.9,0.0,1,[(100  100)  (300  100)],1.9,-0.2,0.8,0.1,4.0,0.01,10000,10,0.7635,0.1354
(400  200),true,euclidean,1000,0.0,0.2,0.0,1,[(100  100)  (300  100)],1.0,-0.6,0.7,0.1,4.0,0.01,10000,10,0.8249,0.042
(400  200),true,euclidean,1000,0.0,1.0,0.0,1,[(100  100)  (300  100)],0.5,-0.6,0.5,0.1,4.0,0.01,10000,10,0.7919,0.1442
(400  200),true,euclidean,1000,0.0,0.7,0.0,1,[(100  100)  (300  100)],0.1,-0.7,0.9,0.1,4.0,0.01,10000,10,0.8987,0.0468
(400  200),true,euclidean,1000,0.0,0.5,0.0,1,[(100  100)  (300  100)],0.4,0.2,0.6,0.1,4.0,0.01,10000,10,0.8904,0.0576
(400  200),true,euclidean,1000,0.0,1.0,0.0,1,[(100  100)  (300  100)],1.3,-0.3,0.9,0.1,4.0,0.01,10000,10,0.8335,0.096
(400  200),true,euclidean,1000,0.0,0.9,0.0,1,[(100  100)  (300  100)],0.9,-0.4,0.1,0.1,4.0,0.01,10000,10,0.462,0.0664
(400  200),true,euclidean,1000,0.0,0.3,0.0,1,[(100  100)  (300  100)],1.1,0.6,0.1,0.1,4.0,0.01,10000,10,0.6644,0.046
(400  200),true,euclidean,1000,0.0,0.8,0.0,1,[(100  100)  (300  100)],1.5,0.5,1.0,0.1,4.0,0.01,10000,10,0.8406,0.0445
(400  200),true,euclidean,1000,0.0,0.3,0.0,1,[(100  100)  (300  100)],1.9,-0.5,0.6,0.1,4.0,0.01,10000,10,0.8003,0.0732
(400  200),true,euclidean,1000,0.0,0.4,0.0,1,[(100  100)  (300  100)],1.1,-0.6,0.3,0.1,4.0,0.01,10000,10,0.6975,0.1295
(400  200),true,euclidean,1000,0.0,0.7,0.0,1,[(100  100)  (300  100)],1.8,0.4,1.0,0.1,4.0,0.01,10000,10,0.7576,0.0408
(400  200),true,euclidean,1000,0.0,0.8,0.0,1,[(100  100)  (300  100)],1.8,0.7,0.4,0.1,4.0,0.01,10000,10,0.6442,0.0346
(400  200),true,euclidean,1000,0.0,0.8,0.0,1,[(100  100)  (300  100)],0.0,0.0,0.4,0.1,4.0,0.01,10000,10,0.9088,0.0327
(400  200),true,euclidean,1000,0.0,0.0,0.0,1,[(100  100)  (300  100)],0.0,0.3,0.3,0.1,4.0,0.01,10000,10,0.7784,0.0088
(400  200),true,euclidean,1000,0.0,1.0,0.0,1,[(100  100)  (300  100)],1.2,0.7,0.3,0.1,4.0,0.01,10000,10,0.7701,0.0629
(400  200),true,euclidean,1000,0.0,0.4,0.0,1,[(100  100)  (300  100)],1.3,0.6,0.8,0.1,4.0,0.01,10000,10,0.8654,0.0264
(400  200),true,euclidean,1000,0.0,0.9,0.0,1,[(100  100)  (300  100)],1.9,0.8,0.0,0.1,4.0,0.01,10000,10,0.4547,0.0058
(400  200),true,euclidean,1000,0.0,0.0,0.0,1,[(100  100)  (300  100)],0.4,-0.4,1.0,0.1,4.0,0.01,10000,10,0.554,0.0268
(400  200),true,euclidean,1000,0.0,0.6,0.0,1,[(100  100)  (300  100)],1.6,-0.8,0.6,0.1,4.0,0.01,10000,10,0.7902,0.0848
(400  200),true,euclidean,1000,0.0,0.1,0.0,1,[(100  100)  (300  100)],0.4,-0.3,0.0,0.1,4.0,0.01,10000,10,0.4554,0.0051
(400  200),true,euclidean,1000,0.0,0.1,0.0,1,[(100  100)  (300  100)],1.6,0.9,0.6,0.1,4.0,0.01,10000,10,0.7704,0.0338
(400  200),true,euclidean,1000,0.0,0.2,0.0,1,[(100  100)  (300  100)],2.0,-0.4,1.0,0.1,4.0,0.01,10000,10,0.7003,0.0771
(400  200),true,euclidean,1000,0.0,0.2,0.0,1,[(100  100)  (300  100)],0.6,-0.7,0.0,0.1,4.0,0.01,10000,10,0.4542,0.0052
(400  200),true,euclidean,1000,0.0,0.9,0.0,1,[(100  100)  (300  100)],1.5,-0.1,0.3,0.1,4.0,0.01,10000,10,0.5753,0.1426
(400  200),true,euclidean,1000,0.0,0.8,0.0,1,[(100  100)  (300  100)],1.7,-0.2,0.0,0.1,4.0,0.01,10000,10,0.4527,0.0098
(400  200),true,euclidean,1000,0.0,1.0,0.0,1,[(100  100)  (300  100)],0.3,0.0,0.2,0.1,4.0,0.01,10000,10,0.6554,0.0729
(400  200),true,euclidean,1000,0.0,0.8,0.0,1,[(100  100)  (300  100)],0.2,-0.9,0.3,0.1,4.0,0.01,10000,10,0.7271,0.0708
(400  200),true,euclidean,1000,0.0,0.0,0.0,1,[(100  100)  (300  100)],1.7,-0.6,0.4,0.1,4.0,0.01,10000,10,0.5784,0.0212
(400  200),true,euclidean,1000,0.0,1.0,0.0,1,[(100  100)  (300  100)],0.2,-0.7,0.2,0.1,4.0,0.01,10000,10,0.6237,0.1023
(400  200),true,euclidean,1000,0.0,1.0,0.0,1,[(100  100)  (300  100)],1.9,-0.8,0.5,0.1,4.0,0.01,10000,10,0.7608,0.0955
(400  200),true,euclidean,1000,0.0,0.8,0.0,1,[(100  100)  (300  100)],0.2,0.3,0.4,0.1,4.0,0.01,10000,10,0.9425,0.0278
(400  200),true,euclidean,1000,0.0,0.9,0.0,1,[(100  100)  (300  100)],1.6,-0.3,0.3,0.1,4.0,0.01,10000,10,0.4916,0.167
(400  200),true,euclidean,1000,0.0,0.5,0.0,1,[(100  100)  (300  100)],0.6,-0.9,0.3,0.1,4.0,0.01,10000,10,0.746,0.0703
(400  200),true,euclidean,1000,0.0,0.5,0.0,1,[(100  100)  (300  100)],0.8,1.0,0.2,0.1,4.0,0.01,10000,10,0.9038,0.0403
(400  200),true,euclidean,1000,0.0,0.9,0.0,1,[(100  100)  (300  100)],0.5,-0.2,0.2,0.1,4.0,0.01,10000,10,0.6648,0.0977
(400  200),true,euclidean,1000,0.0,0.4,0.0,1,[(100  100)  (300  100)],0.0,1.0,0.4,0.1,4.0,0.01,10000,10,0.9536,0.0108
(400  200),true,euclidean,1000,0.0,0.9,0.0,1,[(100  100)  (300  100)],1.2,0.4,0.4,0.1,4.0,0.01,10000,10,0.7579,0.0762
(400  200),true,euclidean,1000,0.0,1.0,0.0,1,[(100  100)  (300  100)],0.0,0.3,0.1,0.1,4.0,0.01,10000,10,0.7879,0.0295
(400  200),true,euclidean,1000,0.0,1.0,0.0,1,[(100  100)  (300  100)],1.6,-0.1,0.3,0.1,4.0,0.01,10000,10,0.5931,0.1261
(400  200),true,euclidean,1000,0.0,0.0,0.0,1,[(100  100)  (300  100)],2.0,-0.5,0.8,0.1,4.0,0.01,10000,10,0.5233,0.0232
(400  200),true,euclidean,1000,0.0,0.1,0.0,1,[(100  100)  (300  100)],0.1,-0.8,0.2,0.1,4.0,0.01,10000,10,0.8488,0.0673
(400  200),true,euclidean,1000,0.0,1.0,0.0,1,[(100  100)  (300  100)],1.4,-0.4,0.7,0.1,4.0,0.01,10000,10,0.7995,0.0973
(400  200),true,euclidean,1000,0.0,0.7,0.0,1,[(100  100)  (300  100)],1.8,-0.7,0.2,0.1,4.0,0.01,10000,10,0.5791,0.13
(400  200),true,euclidean,1000,0.0,0.1,0.0,1,[(100  100)  (300  100)],1.6,0.3,0.7,0.1,4.0,0.01,10000,10,0.8265,0.0548
(400  200),true,euclidean,1000,0.0,1.0,0.0,1,[(100  100)  (300  100)],1.5,-0.5,0.7,0.1,4.0,0.01,10000,10,0.7787,0.1016
(400  200),true,euclidean,1000,0.0,0.9,0.0,1,[(100  100)  (300  100)],0.7,-0.1,0.0,0.1,4.0,0.01,10000,10,0.4553,0.0076
(400  200),true,euclidean,1000,0.0,0.2,0.0,1,[(100  100)  (300  100)],1.8,0.4,0.7,0.1,4.0,0.01,10000,10,0.7659,0.0342
(400  200),true,euclidean,1000,0.0,1.0,0.0,1,[(100  100)  (300  100)],1.8,0.2,0.6,0.1,4.0,0.01,10000,10,0.7006,0.0645
(400  200),true,euclidean,1000,0.0,0.3,0.0,1,[(100  100)  (300  100)],1.9,1.0,0.1,0.1,4.0,0.01,10000,10,0.5474,0.0389
(400  200),true,euclidean,1000,0.0,0.3,0.0,1,[(100  100)  (300  100)],1.9,-0.8,0.8,0.1,4.0,0.01,10000,10,0.7965,0.0629
(400  200),true,euclidean,1000,0.0,0.8,0.0,1,[(100  100)  (300  100)],1.5,0.8,0.7,0.1,4.0,0.01,10000,10,0.7908,0.047
(400  200),true,euclidean,1000,0.0,0.9,0.0,1,[(100  100)  (300  100)],1.2,0.9,0.8,0.1,4.0,0.01,10000,10,0.8588,0.0506
(400  200),true,euclidean,1000,0.0,0.8,0.0,1,[(100  100)  (300  100)],1.0,-0.7,0.2,0.1,4.0,0.01,10000,10,0.573,0.1692
(400  200),true,euclidean,1000,0.0,0.5,0.0,1,[(100  100)  (300  100)],1.0,0.3,0.0,0.1,4.0,0.01,10000,10,0.4601,0.0039
(400  200),true,euclidean,1000,0.0,0.1,0.0,1,[(100  100)  (300  100)],0.8,0.3,0.1,0.1,4.0,0.01,10000,10,0.7268,0.0313
(400  200),true,euclidean,1000,0.0,0.5,0.0,1,[(100  100)  (300  100)],0.4,-0.6,0.1,0.1,4.0,0.01,10000,10,0.5271,0.1272
(400  200),true,euclidean,1000,0.0,0.5,0.0,1,[(100  100)  (300  100)],0.4,0.3,0.6,0.1,4.0,0.01,10000,10,0.8942,0.0477
(400  200),true,euclidean,1000,0.0,0.0,0.0,1,[(100  100)  (300  100)],0.3,-0.8,0.1,0.1,4.0,0.01,10000,10,0.6818,0.0252
(400  200),true,euclidean,1000,0.0,0.7,0.0,1,[(100  100)  (300  100)],1.8,0.7,0.3,0.1,4.0,0.01,10000,10,0.5845,0.0813
(400  200),true,euclidean,1000,0.0,0.3,0.0,1,[(100  100)  (300  100)],0.4,0.3,0.0,0.1,4.0,0.01,10000,10,0.4598,0.0099
(400  200),true,euclidean,1000,0.0,1.0,0.0,1,[(100  100)  (300  100)],1.9,0.6,0.5,0.1,4.0,0.01,10000,10,0.6594,0.0474
(400  200),true,euclidean,1000,0.0,0.2,0.0,1,[(100  100)  (300  100)],0.4,0.8,0.8,0.1,4.0,0.01,10000,10,0.9727,0.0107
(400  200),true,euclidean,1000,0.0,0.8,0.0,1,[(100  100)  (300  100)],0.4,0.8,0.2,0.1,4.0,0.01,10000,10,0.888,0.0332
(400  200),true,euclidean,1000,0.0,1.0,0.0,1,[(100  100)  (300  100)],1.5,-0.8,0.1,0.1,4.0,0.01,10000,10,0.4278,0.0665
(400  200),true,euclidean,1000,0.0,0.8,0.0,1,[(100  100)  (300  100)],1.6,0.0,0.6,0.1,4.0,0.01,10000,10,0.7319,0.0826
(400  200),true,euclidean,1000,0.0,0.0,0.0,1,[(100  100)  (300  100)],2.0,0.5,0.3,0.1,4.0,0.01,10000,10,0.5737,0.0142
(400  200),true,euclidean,1000,0.0,0.5,0.0,1,[(100  100)  (300  100)],1.0,0.2,0.0,0.1,4.0,0.01,10000,10,0.4555,0.0084
(400  200),true,euclidean,1000,0.0,0.8,0.0,1,[(100  100)  (300  100)],1.2,-0.9,0.2,0.1,4.0,0.01,10000,10,0.6089,0.1484
(400  200),true,euclidean,1000,0.0,0.6,0.0,1,[(100  100)  (300  100)],1.6,0.5,0.4,0.1,4.0,0.01,10000,10,0.6572,0.0918
(400  200),true,euclidean,1000,0.0,0.0,0.0,1,[(100  100)  (300  100)],0.8,0.6,0.1,0.1,4.0,0.01,10000,10,0.736,0.0156
(400  200),true,euclidean,1000,0.0,0.9,0.0,1,[(100  100)  (300  100)],0.8,-0.4,0.7,0.1,4.0,0.01,10000,10,0.8605,0.0688
(400  200),true,euclidean,1000,0.0,0.8,0.0,1,[(100  100)  (300  100)],1.9,-0.6,0.1,0.1,4.0,0.01,10000,10,0.3851,0.0875
(400  200),true,euclidean,1000,0.0,0.7,0.0,1,[(100  100)  (300  100)],1.5,-0.2,0.5,0.1,4.0,0.01,10000,10,0.7304,0.094
(400  200),true,euclidean,1000,0.0,0.1,0.0,1,[(100  100)  (300  100)],0.9,-0.7,0.9,0.1,4.0,0.01,10000,10,0.93,0.0437
(400  200),true,euclidean,1000,0.0,0.9,0.0,1,[(100  100)  (300  100)],0.5,-0.6,1.0,0.1,4.0,0.01,10000,10,0.8677,0.0804
(400  200),true,euclidean,1000,0.0,0.7,0.0,1,[(100  100)  (300  100)],0.1,0.3,0.2,0.1,4.0,0.01,10000,10,0.9103,0.0282
(400  200),true,euclidean,1000,0.0,0.3,0.0,1,[(100  100)  (300  100)],1.9,-0.1,0.6,0.1,4.0,0.01,10000,10,0.7226,0.0701
(400  200),true,euclidean,1000,0.0,0.3,0.0,1,[(100  100)  (300  100)],0.9,0.3,0.9,0.1,4.0,0.01,10000,10,0.9052,0.0289
(400  200),true,euclidean,1000,0.0,0.2,0.0,1,[(100  100)  (300  100)],1.1,0.0,0.7,0.1,4.0,0.01,10000,10,0.8689,0.0621
(400  200),true,euclidean,1000,0.0,0.1,0.0,1,[(100  100)  (300  100)],1.6,0.4,0.0,0.1,4.0,0.01,10000,10,0.4528,0.006
(400  200),true,euclidean,1000,0.0,0.7,0.0,1,[(100  100)  (300  100)],0.0,-0.9,0.6,0.1,4.0,0.01,10000,10,0.8574,0.0875
(400  200),true,euclidean,1000,0.0,0.5,0.0,1,[(100  100)  (300  100)],1.3,-0.7,0.7,0.1,4.0,0.01,10000,10,0.8525,0.077
(400  200),true,euclidean,1000,0.0,0.9,0.0,1,[(100  100)  (300  100)],1.5,0.2,0.1,0.1,4.0,0.01,10000,10,0.4179,0.0844
(400  200),true,euclidean,1000,0.0,0.6,0.0,1,[(100  100)  (300  100)],0.9,0.1,0.8,0.1,4.0,0.01,10000,10,0.9142,0.0233
(400  200),true,euclidean,1000,0.0,0.6,0.0,1,[(100  100)  (300  100)],0.6,0.8,0.7,0.1,4.0,0.01,10000,10,0.9686,0.0087
(400  200),true,euclidean,1000,0.0,0.2,0.0,1,[(100  100)  (300  100)],0.9,0.2,0.9,0.1,4.0,0.01,10000,10,0.9273,0.021
(400  200),true,euclidean,1000,0.0,0.0,0.0,1,[(100  100)  (300  100)],1.5,0.2,0.3,0.1,4.0,0.01,10000,10,0.6276,0.0108
(400  200),true,euclidean,1000,0.0,0.0,0.0,1,[(100  100)  (300  100)],0.8,0.7,0.1,0.1,4.0,0.01,10000,10,0.732,0.0141
(400  200),true,euclidean,1000,0.0,0.1,0.0,1,[(100  100)  (300  100)],0.3,0.0,0.2,0.1,4.0,0.01,10000,10,0.8574,0.0526
(400  200),true,euclidean,1000,0.0,0.2,0.0,1,[(100  100)  (300  100)],0.6,-0.7,0.1,0.1,4.0,0.01,10000,10,0.589,0.0523
(400  200),true,euclidean,1000,0.0,0.9,0.0,1,[(100  100)  (300  100)],0.7,1.0,0.9,0.1,4.0,0.01,10000,10,0.9604,0.0202
(400  200),true,euclidean,1000,0.0,0.6,0.0,1,[(100  100)  (300  100)],1.3,-0.4,0.7,0.1,4.0,0.01,10000,10,0.7889,0.0823
(400  200),true,euclidean,1000,0.0,0.8,0.0,1,[(100  100)  (300  100)],2.0,0.5,0.1,0.1,4.0,0.01,10000,10,0.3996,0.0625
(400  200),true,euclidean,1000,0.0,0.2,0.0,1,[(100  100)  (300  100)],0.4,0.1,0.1,0.1,4.0,0.01,10000,10,0.7203,0.0491
(400  200),true,euclidean,1000,0.0,0.3,0.0,1,[(100  100)  (300  100)],0.7,-0.8,0.8,0.1,4.0,0.01,10000,10,0.895,0.0476
(400  200),true,euclidean,1000,0.0,0.2,0.0,1,[(100  100)  (300  100)],1.3,-0.7,0.8,0.1,4.0,0.01,10000,10,0.8617,0.0573
(400  200),true,euclidean,1000,0.0,0.3,0.0,1,[(100  100)  (300  100)],1.6,0.6,0.4,0.1,4.0,0.01,10000,10,0.732,0.034
(400  200),true,euclidean,1000,0.0,0.3,0.0,1,[(100  100)  (300  100)],1.6,-0.3,0.3,0.1,4.0,0.01,10000,10,0.6493,0.0629
(400  200),true,euclidean,1000,0.0,0.7,0.0,1,[(100  100)  (300  100)],0.0,-0.1,0.5,0.1,4.0,0.01,10000,10,0.8675,0.0603
(400  200),true,euclidean,1000,0.0,0.0,0.0,1,[(100  100)  (300  100)],1.8,-0.6,0.6,0.1,4.0,0.01,10000,10,0.5601,0.0176
(400  200),true,euclidean,1000,0.0,0.7,0.0,1,[(100  100)  (300  100)],0.1,-0.6,0.9,0.1,4.0,0.01,10000,10,0.9068,0.062
(400  200),true,euclidean,1000,0.0,0.5,0.0,1,[(100  100)  (300  100)],0.9,0.9,0.4,0.1,4.0,0.01,10000,10,0.9114,0.0179
(400  200),true,euclidean,1000,0.0,0.6,0.0,1,[(100  100)  (300  100)],1.0,-0.4,1.0,0.1,4.0,0.01,10000,10,0.8793,0.087
(400  200),true,euclidean,1000,0.0,0.2,0.0,1,[(100  100)  (300  100)],1.3,0.1,0.3,0.1,4.0,0.01,10000,10,0.751,0.0853
(400  200),true,euclidean,1000,0.0,0.9,0.0,1,[(100  100)  (300  100)],2.0,-0.3,0.5,0.1,4.0,0.01,10000,10,0.5798,0.1797
(400  200),true,euclidean,1000,0.0,0.4,0.0,1,[(100  100)  (300  100)],1.8,1.0,0.6,0.1,4.0,0.01,10000,10,0.7059,0.0307
(400  200),true,euclidean,1000,0.0,1.0,0.0,1,[(100  100)  (300  100)],0.7,0.5,0.5,0.1,4.0,0.01,10000,10,0.8829,0.0696
(400  200),true,euclidean,1000,0.0,1.0,0.0,1,[(100  100)  (300  100)],0.7,0.1,0.2,0.1,4.0,0.01,10000,10,0.6731,0.1119
(400  200),true,euclidean,1000,0.0,0.4,0.0,1,[(100  100)  (300  100)],1.8,0.1,0.6,0.1,4.0,0.01,10000,10,0.7264,0.0912
(400  200),true,euclidean,1000,0.0,0.6,0.0,1,[(100  100)  (300  100)],1.5,-0.8,0.9,0.1,4.0,0.01,10000,10,0.8292,0.1282
(400  200),true,euclidean,1000,0.0,0.6,0.0,1,[(100  100)  (300  100)],1.1,0.6,0.4,0.1,4.0,0.01,10000,10,0.8074,0.0713
(400  200),true,euclidean,1000,0.0,0.2,0.0,1,[(100  100)  (300  100)],0.7,0.9,0.1,0.1,4.0,0.01,10000,10,0.8721,0.0196
(400  200),true,euclidean,1000,0.0,0.5,0.0,1,[(100  100)  (300  100)],0.2,0.9,1.0,0.1,4.0,0.01,10000,10,0.971,0.0079
(400  200),true,euclidean,1000,0.0,0.2,0.0,1,[(100  100)  (300  100)],1.0,-0.8,0.8,0.1,4.0,0.01,10000,10,0.8737,0.0585
(400  200),true,euclidean,1000,0.0,0.3,0.0,1,[(100  100)  (300  100)],0.4,0.5,1.0,0.1,4.0,0.01,10000,10,0.9748,0.0076
(400  200),true,euclidean,1000,0.0,0.4,0.0,1,[(100  100)  (300  100)],1.6,-0.1,0.3,0.1,4.0,0.01,10000,10,0.538,0.122
(400  200),true,euclidean,1000,0.0,0.8,0.0,1,[(100  100)  (300  100)],0.4,-1.0,0.0,0.1,4.0,0.01,10000,10,0.4548,0.0055
(400  200),true,euclidean,1000,0.0,0.3,0.0,1,[(100  100)  (300  100)],1.7,-0.6,0.0,0.1,4.0,0.01,10000,10,0.4525,0.0079
(400  200),true,euclidean,1000,0.0,0.6,0.0,1,[(100  100)  (300  100)],0.3,-1.0,0.3,0.1,4.0,0.01,10000,10,0.7219,0.0752
(400  200),true,euclidean,1000,0.0,0.7,0.0,1,[(100  100)  (300  100)],1.2,-0.4,1.0,0.1,4.0,0.01,10000,10,0.8667,0.0597
(400  200),true,euclidean,1000,0.0,0.8,0.0,1,[(100  100)  (300  100)],0.2,-0.2,0.2,0.1,4.0,0.01,10000,10,0.6429,0.1054
(400  200),true,euclidean,1000,0.0,0.6,0.0,1,[(100  100)  (300  100)],0.7,1.0,0.1,0.1,4.0,0.01,10000,10,0.8075,0.0407
(400  200),true,euclidean,1000,0.0,0.4,0.0,1,[(100  100)  (300  100)],0.6,0.1,0.1,0.1,4.0,0.01,10000,10,0.623,0.0649
(400  200),true,euclidean,1000,0.0,0.3,0.0,1,[(100  100)  (300  100)],0.9,0.1,0.7,0.1,4.0,0.01,10000,10,0.8899,0.0374
(400  200),true,euclidean,1000,0.0,0.5,0.0,1,[(100  100)  (300  100)],1.5,0.1,0.8,0.1,4.0,0.01,10000,10,0.8236,0.0514
(400  200),true,euclidean,1000,0.0,0.5,0.0,1,[(100  100)  (300  100)],0.0,-0.9,0.9,0.1,4.0,0.01,10000,10,0.9097,0.0293
(400  200),true,euclidean,1000,0.0,0.0,0.0,1,[(100  100)  (300  100)],0.8,0.6,0.2,0.1,4.0,0.01,10000,10,0.7062,0.02
(400  200),true,euclidean,1000,0.0,0.6,0.0,1,[(100  100)  (300  100)],0.0,-0.4,0.0,0.1,4.0,0.01,10000,10,0.4548,0.0063
(400  200),true,euclidean,1000,0.0,0.8,0.0,1,[(100  100)  (300  100)],0.4,-0.7,0.8,0.1,4.0,0.01,10000,10,0.862,0.0875
(400  200),true,euclidean,1000,0.0,0.6,0.0,1,[(100  100)  (300  100)],1.6,-1.0,0.1,0.1,4.0,0.01,10000,10,0.4421,0.1358
(400  200),true,euclidean,1000,0.0,0.6,0.0,1,[(100  100)  (300  100)],0.9,-0.6,0.9,0.1,4.0,0.01,10000,10,0.8838,0.0644
(400  200),true,euclidean,1000,0.0,0.7,0.0,1,[(100  100)  (300  100)],1.5,0.9,0.0,0.1,4.0,0.01,10000,10,0.4593,0.0075
(400  200),true,euclidean,1000,0.0,0.1,0.0,1,[(100  100)  (300  100)],1.9,0.5,0.9,0.1,4.0,0.01,10000,10,0.7542,0.0601
(400  200),true,euclidean,1000,0.0,0.9,0.0,1,[(100  100)  (300  100)],1.2,0.6,0.8,0.1,4.0,0.01,10000,10,0.8716,0.0523
(400  200),true,euclidean,1000,0.0,0.6,0.0,1,[(100  100)  (300  100)],1.2,0.4,0.9,0.1,4.0,0.01,10000,10,0.8875,0.041
(400  200),true,euclidean,1000,0.0,0.3,0.0,1,[(100  100)  (300  100)],1.0,-0.3,0.8,0.1,4.0,0.01,10000,10,0.862,0.0608
(400  200),true,euclidean,1000,0.0,0.1,0.0,1,[(100  100)  (300  100)],0.6,0.4,0.6,0.1,4.0,0.01,10000,10,0.9259,0.0331
(400  200),true,euclidean,1000,0.0,0.1,0.0,1,[(100  100)  (300  100)],1.1,-0.2,0.8,0.1,4.0,0.01,10000,10,0.8543,0.1053
(400  200),true,euclidean,1000,0.0,0.5,0.0,1,[(100  100)  (300  100)],0.7,-0.2,1.0,0.1,4.0,0.01,10000,10,0.8893,0.0528
(400  200),true,euclidean,1000,0.0,0.8,0.0,1,[(100  100)  (300  100)],0.3,-0.7,0.1,0.1,4.0,0.01,10000,10,0.4868,0.1112
(400  200),true,euclidean,1000,0.0,0.7,0.0,1,[(100  100)  (300  100)],1.4,-0.4,0.0,0.1,4.0,0.01,10000,10,0.4549,0.0068
(400  200),true,euclidean,1000,0.0,0.1,0.0,1,[(100  100)  (300  100)],1.2,-0.2,0.5,0.1,4.0,0.01,10000,10,0.8426,0.0957
(400  200),true,euclidean,1000,0.0,0.6,0.0,1,[(100  100)  (300  100)],1.6,0.2,0.9,0.1,4.0,0.01,10000,10,0.8165,0.0527
(400  200),true,euclidean,1000,0.0,0.6,0.0,1,[(100  100)  (300  100)],1.1,0.9,0.1,0.1,4.0,0.01,10000,10,0.5947,0.0786
(400  200),true,euclidean,1000,0.0,1.0,0.0,1,[(100  100)  (300  100)],1.7,-0.1,1.0,0.1,4.0,0.01,10000,10,0.8272,0.0536
(400  200),true,euclidean,1000,0.0,0.4,0.0,1,[(100  100)  (300  100)],0.0,0.3,0.6,0.1,4.0,0.01,10000,10,0.9709,0.0108
(400  200),true,euclidean,1000,0.0,0.9,0.0,1,[(100  100)  (300  100)],0.4,0.6,0.9,0.1,4.0,0.01,10000,10,0.9525,0.021
(400  200),true,euclidean,1000,0.0,0.0,0.0,1,[(100  100)  (300  100)],1.9,0.3,0.7,0.1,4.0,0.01,10000,10,0.551,0.0234
(400  200),true,euclidean,1000,0.0,0.0,0.0,1,[(100  100)  (300  100)],0.4,-0.4,0.2,0.1,4.0,0.01,10000,10,0.661,0.0152
(400  200),true,euclidean,1000,0.0,1.0,0.0,1,[(100  100)  (300  100)],2.0,-0.2,0.8,0.1,4.0,0.01,10000,10,0.7487,0.0908
(400  200),true,euclidean,1000,0.0,0.6,0.0,1,[(100  100)  (300  100)],2.0,0.1,0.8,0.1,4.0,0.01,10000,10,0.7204,0.0411
(400  200),true,euclidean,1000,0.0,0.2,0.0,1,[(100  100)  (300  100)],1.2,-1.0,0.8,0.1,4.0,0.01,10000,10,0.8459,0.0608
(400  200),true,euclidean,1000,0.0,0.2,0.0,1,[(100  100)  (300  100)],1.4,0.3,0.6,0.1,4.0,0.01,10000,10,0.7981,0.0276
(400  200),true,euclidean,1000,0.0,0.7,0.0,1,[(100  100)  (300  100)],1.3,0.8,0.1,0.1,4.0,0.01,10000,10,0.5708,0.0654
(400  200),true,euclidean,1000,0.0,0.5,0.0,1,[(100  100)  (300  100)],1.9,1.0,1.0,0.1,4.0,0.01,10000,10,0.7173,0.048
(400  200),true,euclidean,1000,0.0,0.9,0.0,1,[(100  100)  (300  100)],0.9,0.4,0.5,0.1,4.0,0.01,10000,10,0.7921,0.0983
(400  200),true,euclidean,1000,0.0,0.5,0.0,1,[(100  100)  (300  100)],1.9,0.7,0.7,0.1,4.0,0.01,10000,10,0.6856,0.0386
(400  200),true,euclidean,1000,0.0,0.7,0.0,1,[(100  100)  (300  100)],1.6,-0.6,0.1,0.1,4.0,0.01,10000,10,0.4077,0.0946
(400  200),true,euclidean,1000,0.0,0.4,0.0,1,[(100  100)  (300  100)],0.6,-0.3,0.2,0.1,4.0,0.01,10000,10,0.722,0.0838
(400  200),true,euclidean,1000,0.0,1.0,0.0,1,[(100  100)  (300  100)],0.2,-0.7,0.9,0.1,4.0,0.01,10000,10,0.8926,0.0815
(400  200),true,euclidean,1000,0.0,0.3,0.0,1,[(100  100)  (300  100)],0.3,-0.1,0.4,0.1,4.0,0.01,10000,10,0.8554,0.0483
(400  200),true,euclidean,1000,0.0,0.8,0.0,1,[(100  100)  (300  100)],0.1,0.7,0.5,0.1,4.0,0.01,10000,10,0.948,0.0308
(400  200),true,euclidean,1000,0.0,0.5,0.0,1,[(100  100)  (300  100)],0.9,-0.7,0.8,0.1,4.0,0.01,10000,10,0.8223,0.0725
(400  200),true,euclidean,1000,0.0,0.1,0.0,1,[(100  100)  (300  100)],1.4,0.4,0.2,0.1,4.0,0.01,10000,10,0.7598,0.0618
(400  200),true,euclidean,1000,0.0,0.1,0.0,1,[(100  100)  (300  100)],0.9,0.8,0.3,0.1,4.0,0.01,10000,10,0.8937,0.0448
(400  200),true,euclidean,1000,0.0,0.0,0.0,1,[(100  100)  (300  100)],0.7,0.2,0.6,0.1,4.0,0.01,10000,10,0.6225,0.0299
(400  200),true,euclidean,1000,0.0,0.1,0.0,1,[(100  100)  (300  100)],1.6,-0.2,0.1,0.1,4.0,0.01,10000,10,0.55,0.1103
(400  200),true,euclidean,1000,0.0,0.4,0.0,1,[(100  100)  (300  100)],0.1,0.4,0.4,0.1,4.0,0.01,10000,10,0.9536,0.005
(400  200),true,euclidean,1000,0.0,0.6,0.0,1,[(100  100)  (300  100)],0.0,-0.5,0.0,0.1,4.0,0.01,10000,10,0.4569,0.0079
(400  200),true,euclidean,1000,0.0,0.2,0.0,1,[(100  100)  (300  100)],0.2,-0.1,0.9,0.1,4.0,0.01,10000,10,0.9309,0.0355
(400  200),true,euclidean,1000,0.0,0.9,0.0,1,[(100  100)  (300  100)],0.6,-0.2,0.9,0.1,4.0,0.01,10000,10,0.8488,0.0844
(400  200),true,euclidean,1000,0.0,0.8,0.0,1,[(100  100)  (300  100)],0.0,-0.2,0.5,0.1,4.0,0.01,10000,10,0.8699,0.0791
(400  200),true,euclidean,1000,0.0,0.5,0.0,1,[(100  100)  (300  100)],1.3,-0.3,0.1,0.1,4.0,0.01,10000,10,0.4739,0.077
(400  200),true,euclidean,1000,0.0,0.0,0.0,1,[(100  100)  (300  100)],1.9,-0.8,0.9,0.1,4.0,0.01,10000,10,0.5372,0.0345
(400  200),true,euclidean,1000,0.0,0.7,0.0,1,[(100  100)  (300  100)],0.7,0.6,0.6,0.1,4.0,0.01,10000,10,0.9186,0.0436
(400  200),true,euclidean,1000,0.0,0.5,0.0,1,[(100  100)  (300  100)],1.6,-0.9,0.0,0.1,4.0,0.01,10000,10,0.4532,0.0101
(400  200),true,euclidean,1000,0.0,0.6,0.0,1,[(100  100)  (300  100)],1.2,-0.8,0.0,0.1,4.0,0.01,10000,10,0.4552,0.008
(400  200),true,euclidean,1000,0.0,0.7,0.0,1,[(100  100)  (300  100)],0.1,-0.4,1.0,0.1,4.0,0.01,10000,10,0.8839,0.0727
(400  200),true,euclidean,1000,0.0,0.9,0.0,1,[(100  100)  (300  100)],0.2,-0.2,0.4,0.1,4.0,0.01,10000,10,0.7651,0.1053
(400  200),true,euclidean,1000,0.0,0.2,0.0,1,[(100  100)  (300  100)],0.5,0.9,0.2,0.1,4.0,0.01,10000,10,0.9291,0.0176
(400  200),true,euclidean,1000,0.0,0.6,0.0,1,[(100  100)  (300  100)],1.7,0.8,0.4,0.1,4.0,0.01,10000,10,0.721,0.0349
(400  200),true,euclidean,1000,0.0,0.0,0.0,1,[(100  100)  (300  100)],0.9,-0.7,0.8,0.1,4.0,0.01,10000,10,0.5587,0.0205
(400  200),true,euclidean,1000,0.0,0.5,0.0,1,[(100  100)  (300  100)],0.5,-0.3,0.1,0.1,4.0,0.01,10000,10,0.55,0.0807
(400  200),true,euclidean,1000,0.0,0.2,0.0,1,[(100  100)  (300  100)],1.8,0.8,0.1,0.1,4.0,0.01,10000,10,0.5281,0.0411
(400  200),true,euclidean,1000,0.0,0.4,0.0,1,[(100  100)  (300  100)],1.1,-0.1,0.9,0.1,4.0,0.01,10000,10,0.8527,0.0349
(400  200),true,euclidean,1000,0.0,0.0,0.0,1,[(100  100)  (300  100)],1.4,0.1,0.2,0.1,4.0,0.01,10000,10,0.6474,0.0248
(400  200),true,euclidean,1000,0.0,0.7,0.0,1,[(100  100)  (300  100)],1.0,-1.0,0.5,0.1,4.0,0.01,10000,10,0.7778,0.0671
(400  200),true,euclidean,1000,0.0,0.7,0.0,1,[(100  100)  (300  100)],0.0,0.8,0.2,0.1,4.0,0.01,10000,10,0.9,0.0276
(400  200),true,euclidean,1000,0.0,0.4,0.0,1,[(100  100)  (300  100)],1.3,-0.8,0.9,0.1,4.0,0.01,10000,10,0.8432,0.0634
(400  200),true,euclidean,1000,0.0,0.6,0.0,1,[(100  100)  (300  100)],0.1,-0.8,0.8,0.1,4.0,0.01,10000,10,0.886,0.059
(400  200),true,euclidean,1000,0.0,0.6,0.0,1,[(100  100)  (300  100)],0.9,-0.3,0.3,0.1,4.0,0.01,10000,10,0.6966,0.0818
(400  200),true,euclidean,1000,0.0,0.3,0.0,1,[(100  100)  (300  100)],1.4,-0.5,0.4,0.1,4.0,0.01,10000,10,0.7306,0.0335
(400  200),true,euclidean,1000,0.0,0.0,0.0,1,[(100  100)  (300  100)],0.1,0.5,0.4,0.1,4.0,0.01,10000,10,0.7604,0.0164
(400  200),true,euclidean,1000,0.0,0.0,0.0,1,[(100  100)  (300  100)],0.7,-0.5,0.2,0.1,4.0,0.01,10000,10,0.6637,0.0187
(400  200),true,euclidean,1000,0.0,1.0,0.0,1,[(100  100)  (300  100)],0.2,-0.2,0.2,0.1,4.0,0.01,10000,10,0.6881,0.1211
(400  200),true,euclidean,1000,0.0,0.5,0.0,1,[(100  100)  (300  100)],2.0,-0.2,0.4,0.1,4.0,0.01,10000,10,0.6816,0.1136
(400  200),true,euclidean,1000,0.0,0.9,0.0,1,[(100  100)  (300  100)],0.7,-0.5,1.0,0.1,4.0,0.01,10000,10,0.8903,0.1019
(400  200),true,euclidean,1000,0.0,0.0,0.0,1,[(100  100)  (300  100)],1.0,-0.7,1.0,0.1,4.0,0.01,10000,10,0.5534,0.0226
(400  200),true,euclidean,1000,0.0,0.2,0.0,1,[(100  100)  (300  100)],0.6,0.0,0.8,0.1,4.0,0.01,10000,10,0.9159,0.0343
(400  200),true,euclidean,1000,0.0,0.8,0.0,1,[(100  100)  (300  100)],1.2,-0.2,0.4,0.1,4.0,0.01,10000,10,0.7458,0.1125
(400  200),true,euclidean,1000,0.0,0.5,0.0,1,[(100  100)  (300  100)],1.8,-0.9,0.6,0.1,4.0,0.01,10000,10,0.7656,0.1014
(400  200),true,euclidean,1000,0.0,0.0,0.0,1,[(100  100)  (300  100)],1.0,0.0,0.9,0.1,4.0,0.01,10000,10,0.5688,0.0231
(400  200),true,euclidean,1000,0.0,0.5,0.0,1,[(100  100)  (300  100)],0.0,1.0,0.3,0.1,4.0,0.01,10000,10,0.9315,0.0227
(400  200),true,euclidean,1000,0.0,0.4,0.0,1,[(100  100)  (300  100)],1.9,-0.4,0.5,0.1,4.0,0.01,10000,10,0.7001,0.0903
(400  200),true,euclidean,1000,0.0,0.3,0.0,1,[(100  100)  (300  100)],0.2,0.0,0.4,0.1,4.0,0.01,10000,10,0.8338,0.0857
(400  200),true,euclidean,1000,0.0,1.0,0.0,1,[(100  100)  (300  100)],1.7,0.8,0.7,0.1,4.0,0.01,10000,10,0.7342,0.0359
(400  200),true,euclidean,1000,0.0,0.6,0.0,1,[(100  100)  (300  100)],1.5,1.0,0.3,0.1,4.0,0.01,10000,10,0.7295,0.0354
(400  200),true,euclidean,1000,0.0,0.6,0.0,1,[(100  100)  (300  100)],1.8,0.6,0.7,0.1,4.0,0.01,10000,10,0.739,0.0372
(400  200),true,euclidean,1000,0.0,0.9,0.0,1,[(100  100)  (300  100)],1.1,0.8,0.8,0.1,4.0,0.01,10000,10,0.8871,0.0269
(400  200),true,euclidean,1000,0.0,0.3,0.0,1,[(100  100)  (300  100)],0.5,-0.7,0.2,0.1,4.0,0.01,10000,10,0.722,0.0651
(400  200),true,euclidean,1000,0.0,0.2,0.0,1,[(100  100)  (300  100)],1.8,0.1,0.5,0.1,4.0,0.01,10000,10,0.7176,0.0434
(400  200),true,euclidean,1000,0.0,0.8,0.0,1,[(100  100)  (300  100)],1.0,-0.6,0.1,0.1,4.0,0.01,10000,10,0.5349,0.0814
(400  200),true,euclidean,1000,0.0,0.4,0.0,1,[(100  100)  (300  100)],1.4,-0.7,0.2,0.1,4.0,0.01,10000,10,0.6093,0.0826
(400  200),true,euclidean,1000,0.0,0.1,0.0,1,[(100  100)  (300  100)],1.5,0.9,0.4,0.1,4.0,0.01,10000,10,0.801,0.0413
(400  200),true,euclidean,1000,0.0,0.3,0.0,1,[(100  100)  (300  100)],0.1,-1.0,0.1,0.1,4.0,0.01,10000,10,0.6021,0.074
(400  200),true,euclidean,1000,0.0,0.3,0.0,1,[(100  100)  (300  100)],2.0,0.4,0.2,0.1,4.0,0.01,10000,10,0.4947,0.0781
(400  200),true,euclidean,1000,0.0,0.2,0.0,1,[(100  100)  (300  100)],0.4,-0.6,1.0,0.1,4.0,0.01,10000,10,0.8972,0.0247
(400  200),true,euclidean,1000,0.0,0.0,0.0,1,[(100  100)  (300  100)],1.0,-1.0,0.9,0.1,4.0,0.01,10000,10,0.5524,0.0338
(400  200),true,euclidean,1000,0.0,0.8,0.0,1,[(100  100)  (300  100)],0.5,-1.0,0.9,0.1,4.0,0.01,10000,10,0.879,0.075
(400  200),true,euclidean,1000,0.0,0.1,0.0,1,[(100  100)  (300  100)],0.0,-0.4,0.4,0.1,4.0,0.01,10000,10,0.8861,0.0349
(400  200),true,euclidean,1000,0.0,0.5,0.0,1,[(100  100)  (300  100)],0.1,-0.7,0.3,0.1,4.0,0.01,10000,10,0.7684,0.0863
(400  200),true,euclidean,1000,0.0,0.6,0.0,1,[(100  100)  (300  100)],0.5,0.6,0.8,0.1,4.0,0.01,10000,10,0.9651,0.0194
(400  200),true,euclidean,1000,0.0,0.4,0.0,1,[(100  100)  (300  100)],1.0,-0.4,1.0,0.1,4.0,0.01,10000,10,0.8808,0.0487
(400  200),true,euclidean,1000,0.0,0.0,0.0,1,[(100  100)  (300  100)],1.9,0.5,0.5,0.1,4.0,0.01,10000,10,0.5694,0.0252
(400  200),true,euclidean,1000,0.0,0.9,0.0,1,[(100  100)  (300  100)],1.0,-0.6,0.5,0.1,4.0,0.01,10000,10,0.7643,0.1224
(400  200),true,euclidean,1000,0.0,0.0,0.0,1,[(100  100)  (300  100)],1.8,-1.0,0.4,0.1,4.0,0.01,10000,10,0.5714,0.0246
(400  200),true,euclidean,1000,0.0,1.0,0.0,1,[(100  100)  (300  100)],0.9,0.9,0.3,0.1,4.0,0.01,10000,10,0.872,0.034
(400  200),true,euclidean,1000,0.0,1.0,0.0,1,[(100  100)  (300  100)],1.2,0.7,0.6,0.1,4.0,0.01,10000,10,0.8499,0.0541
(400  200),true,euclidean,1000,0.0,1.0,0.0,1,[(100  100)  (300  100)],0.6,-0.2,1.0,0.1,4.0,0.01,10000,10,0.9029,0.0597
(400  200),true,euclidean,1000,0.0,0.8,0.0,1,[(100  100)  (300  100)],1.1,0.9,0.5,0.1,4.0,0.01,10000,10,0.83,0.0571
(400  200),true,euclidean,1000,0.0,0.4,0.0,1,[(100  100)  (300  100)],0.0,0.9,0.1,0.1,4.0,0.01,10000,10,0.8669,0.0389
(400  200),true,euclidean,1000,0.0,0.0,0.0,1,[(100  100)  (300  100)],0.1,0.8,0.2,0.1,4.0,0.01,10000,10,0.7935,0.0067
(400  200),true,euclidean,1000,0.0,0.0,0.0,1,[(100  100)  (300  100)],0.4,0.0,0.0,0.1,4.0,0.01,10000,10,0.405,0.0113
(400  200),true,euclidean,1000,0.0,0.0,0.0,1,[(100  100)  (300  100)],2.0,0.9,0.3,0.1,4.0,0.01,10000,10,0.5505,0.0258
(400  200),true,euclidean,1000,0.0,0.8,0.0,1,[(100  100)  (300  100)],0.5,-0.8,0.8,0.1,4.0,0.01,10000,10,0.8488,0.0582
(400  200),true,euclidean,1000,0.0,0.8,0.0,1,[(100  100)  (300  100)],0.3,-0.1,0.5,0.1,4.0,0.01,10000,10,0.8517,0.0592
(400  200),true,euclidean,1000,0.0,0.9,0.0,1,[(100  100)  (300  100)],1.5,-0.7,0.6,0.1,4.0,0.01,10000,10,0.7847,0.1093
(400  200),true,euclidean,1000,0.0,0.1,0.0,1,[(100  100)  (300  100)],1.5,0.1,0.9,0.1,4.0,0.01,10000,10,0.8747,0.0583
(400  200),true,euclidean,1000,0.0,0.4,0.0,1,[(100  100)  (300  100)],2.0,0.1,0.4,0.1,4.0,0.01,10000,10,0.5995,0.0768
(400  200),true,euclidean,1000,0.0,0.5,0.0,1,[(100  100)  (300  100)],1.8,-0.2,1.0,0.1,4.0,0.01,10000,10,0.8136,0.0773
(400  200),true,euclidean,1000,0.0,0.2,0.0,1,[(100  100)  (300  100)],0.2,0.2,0.2,0.1,4.0,0.01,10000,10,0.916,0.0288
(400  200),true,euclidean,1000,0.0,0.9,0.0,1,[(100  100)  (300  100)],0.8,-0.1,0.6,0.1,4.0,0.01,10000,10,0.8427,0.0629
(400  200),true,euclidean,1000,0.0,1.0,0.0,1,[(100  100)  (300  100)],0.2,-1.0,1.0,0.1,4.0,0.01,10000,10,0.8912,0.0775
(400  200),true,euclidean,1000,0.0,0.3,0.0,1,[(100  100)  (300  100)],1.0,0.1,0.1,0.1,4.0,0.01,10000,10,0.6028,0.0658
(400  200),true,euclidean,1000,0.0,0.0,0.0,1,[(100  100)  (300  100)],1.4,0.5,0.6,0.1,4.0,0.01,10000,10,0.6172,0.0202
(400  200),true,euclidean,1000,0.0,0.9,0.0,1,[(100  100)  (300  100)],1.8,-0.8,0.5,0.1,4.0,0.01,10000,10,0.6966,0.0781
(400  200),true,euclidean,1000,0.0,0.7,0.0,1,[(100  100)  (300  100)],1.2,-0.7,0.0,0.1,4.0,0.01,10000,10,0.4558,0.0073
(400  200),true,euclidean,1000,0.0,0.4,0.0,1,[(100  100)  (300  100)],1.3,0.4,0.8,0.1,4.0,0.01,10000,10,0.8602,0.0384
(400  200),true,euclidean,1000,0.0,0.6,0.0,1,[(100  100)  (300  100)],0.7,0.3,0.4,0.1,4.0,0.01,10000,10,0.8571,0.0492
(400  200),true,euclidean,1000,0.0,0.5,0.0,1,[(100  100)  (300  100)],1.1,0.9,0.0,0.1,4.0,0.01,10000,10,0.4565,0.0074
(400  200),true,euclidean,1000,0.0,0.9,0.0,1,[(100  100)  (300  100)],0.0,-0.8,0.9,0.1,4.0,0.01,10000,10,0.9179,0.0353
(400  200),true,euclidean,1000,0.0,0.0,0.0,1,[(100  100)  (300  100)],1.9,0.6,0.5,0.1,4.0,0.01,10000,10,0.5751,0.0194
(400  200),true,euclidean,1000,0.0,1.0,0.0,1,[(100  100)  (300  100)],2.0,-0.7,0.7,0.1,4.0,0.01,10000,10,0.7632,0.1113
(400  200),true,euclidean,1000,0.0,0.1,0.0,1,[(100  100)  (300  100)],1.1,-0.7,0.5,0.1,4.0,0.01,10000,10,0.8161,0.0785
(400  200),true,euclidean,1000,0.0,0.6,0.0,1,[(100  100)  (300  100)],1.5,0.3,0.6,0.1,4.0,0.01,10000,10,0.7293,0.0772
(400  200),true,euclidean,1000,0.0,0.5,0.0,1,[(100  100)  (300  100)],2.0,0.7,0.4,0.1,4.0,0.01,10000,10,0.569,0.0421
(400  200),true,euclidean,1000,0.0,0.3,0.0,1,[(100  100)  (300  100)],1.4,-0.3,0.6,0.1,4.0,0.01,10000,10,0.7942,0.0661
(400  200),true,euclidean,1000,0.0,0.3,0.0,1,[(100  100)  (300  100)],1.6,-0.8,0.7,0.1,4.0,0.01,10000,10,0.8325,0.0706
(400  200),true,euclidean,1000,0.0,0.2,0.0,1,[(100  100)  (300  100)],1.8,-0.1,0.6,0.1,4.0,0.01,10000,10,0.7438,0.0455
(400  200),true,euclidean,1000,0.0,0.9,0.0,1,[(100  100)  (300  100)],1.3,0.4,0.7,0.1,4.0,0.01,10000,10,0.849,0.0515
(400  200),true,euclidean,1000,0.0,0.6,0.0,1,[(100  100)  (300  100)],0.0,0.7,1.0,0.1,4.0,0.01,10000,10,0.9697,0.0134
(400  200),true,euclidean,1000,0.0,0.5,0.0,1,[(100  100)  (300  100)],1.9,-0.4,0.6,0.1,4.0,0.01,10000,10,0.7395,0.1196
(400  200),true,euclidean,1000,0.0,0.6,0.0,1,[(100  100)  (300  100)],0.9,-0.2,0.4,0.1,4.0,0.01,10000,10,0.7331,0.0902
(400  200),true,euclidean,1000,0.0,0.2,0.0,1,[(100  100)  (300  100)],0.8,-0.5,0.3,0.1,4.0,0.01,10000,10,0.8168,0.0459
(400  200),true,euclidean,1000,0.0,0.6,0.0,1,[(100  100)  (300  100)],1.0,1.0,0.2,0.1,4.0,0.01,10000,10,0.8192,0.0591
(400  200),true,euclidean,1000,0.0,0.0,0.0,1,[(100  100)  (300  100)],1.4,0.4,0.3,0.1,4.0,0.01,10000,10,0.6304,0.0197
(400  200),true,euclidean,1000,0.0,0.0,0.0,1,[(100  100)  (300  100)],2.0,-0.8,0.7,0.1,4.0,0.01,10000,10,0.538,0.0298
(400  200),true,euclidean,1000,0.0,0.6,0.0,1,[(100  100)  (300  100)],0.4,0.6,0.7,0.1,4.0,0.01,10000,10,0.9603,0.0129
(400  200),true,euclidean,1000,0.0,1.0,0.0,1,[(100  100)  (300  100)],1.4,0.1,0.4,0.1,4.0,0.01,10000,10,0.7079,0.1346
(400  200),true,euclidean,1000,0.0,0.5,0.0,1,[(100  100)  (300  100)],0.5,0.5,0.6,0.1,4.0,0.01,10000,10,0.9391,0.0184
(400  200),true,euclidean,1000,0.0,0.8,0.0,1,[(100  100)  (300  100)],1.5,0.9,0.0,0.1,4.0,0.01,10000,10,0.4612,0.0057
(400  200),true,euclidean,1000,0.0,0.4,0.0,1,[(100  100)  (300  100)],2.0,0.8,0.2,0.1,4.0,0.01,10000,10,0.4951,0.0452
(400  200),true,euclidean,1000,0.0,1.0,0.0,1,[(100  100)  (300  100)],2.0,-0.5,0.5,0.1,4.0,0.01,10000,10,0.5945,0.1849
(400  200),true,euclidean,1000,0.0,0.9,0.0,1,[(100  100)  (300  100)],0.2,-0.8,0.7,0.1,4.0,0.01,10000,10,0.8581,0.067
(400  200),true,euclidean,1000,0.0,0.3,0.0,1,[(100  100)  (300  100)],0.7,0.5,1.0,0.1,4.0,0.01,10000,10,0.9386,0.0255
(400  200),true,euclidean,1000,0.0,0.6,0.0,1,[(100  100)  (300  100)],0.0,-0.9,0.3,0.1,4.0,0.01,10000,10,0.7996,0.0671
(400  200),true,euclidean,1000,0.0,0.7,0.0,1,[(100  100)  (300  100)],0.5,0.3,0.4,0.1,4.0,0.01,10000,10,0.8379,0.0784
(400  200),true,euclidean,1000,0.0,0.6,0.0,1,[(100  100)  (300  100)],0.1,-0.2,0.4,0.1,4.0,0.01,10000,10,0.8721,0.0293
(400  200),true,euclidean,1000,0.0,0.1,0.0,1,[(100  100)  (300  100)],0.7,0.8,0.0,0.1,4.0,0.01,10000,10,0.5445,0.0093
(400  200),true,euclidean,1000,0.0,0.7,0.0,1,[(100  100)  (300  100)],1.5,0.8,0.7,0.1,4.0,0.01,10000,10,0.8281,0.04
(400  200),true,euclidean,1000,0.0,0.2,0.0,1,[(100  100)  (300  100)],0.7,-0.1,0.4,0.1,4.0,0.01,10000,10,0.862,0.0609
(400  200),true,euclidean,1000,0.0,0.9,0.0,1,[(100  100)  (300  100)],1.1,0.8,0.3,0.1,4.0,0.01,10000,10,0.7377,0.0911
(400  200),true,euclidean,1000,0.0,0.6,0.0,1,[(100  100)  (300  100)],0.1,0.1,0.8,0.1,4.0,0.01,10000,10,0.9417,0.0234
(400  200),true,euclidean,1000,0.0,1.0,0.0,1,[(100  100)  (300  100)],1.8,-0.9,1.0,0.1,4.0,0.01,10000,10,0.8179,0.098
(400  200),true,euclidean,1000,0.0,0.7,0.0,1,[(100  100)  (300  100)],1.0,0.4,1.0,0.1,4.0,0.01,10000,10,0.894,0.0538
(400  200),true,euclidean,1000,0.0,0.0,0.0,1,[(100  100)  (300  100)],1.3,0.6,0.4,0.1,4.0,0.01,10000,10,0.6226,0.024
(400  200),true,euclidean,1000,0.0,0.6,0.0,1,[(100  100)  (300  100)],0.0,0.0,0.9,0.1,4.0,0.01,10000,10,0.9542,0.023
(400  200),true,euclidean,1000,0.0,0.7,0.0,1,[(100  100)  (300  100)],1.8,0.1,0.9,0.1,4.0,0.01,10000,10,0.7813,0.0454
(400  200),true,euclidean,1000,0.0,0.0,0.0,1,[(100  100)  (300  100)],1.8,0.8,0.8,0.1,4.0,0.01,10000,10,0.5544,0.0349
(400  200),true,euclidean,1000,0.0,0.8,0.0,1,[(100  100)  (300  100)],1.6,0.5,0.8,0.1,4.0,0.01,10000,10,0.7771,0.056
(400  200),true,euclidean,1000,0.0,0.6,0.0,1,[(100  100)  (300  100)],0.0,0.4,0.9,0.1,4.0,0.01,10000,10,0.964,0.0132
(400  200),true,euclidean,1000,0.0,0.6,0.0,1,[(100  100)  (300  100)],1.9,0.9,0.1,0.1,4.0,0.01,10000,10,0.429,0.0372
(400  200),true,euclidean,1000,0.0,0.5,0.0,1,[(100  100)  (300  100)],0.7,-0.3,0.4,0.1,4.0,0.01,10000,10,0.8117,0.0743
(400  200),true,euclidean,1000,0.0,0.7,0.0,1,[(100  100)  (300  100)],0.7,0.5,0.9,0.1,4.0,0.01,10000,10,0.8885,0.0508
(400  200),true,euclidean,1000,0.0,0.7,0.0,1,[(100  100)  (300  100)],1.4,0.0,0.9,0.1,4.0,0.01,10000,10,0.8169,0.0777
(400  200),true,euclidean,1000,0.0,0.6,0.0,1,[(100  100)  (300  100)],1.2,0.8,0.4,0.1,4.0,0.01,10000,10,0.8198,0.0439
(400  200),true,euclidean,1000,0.0,0.7,0.0,1,[(100  100)  (300  100)],1.0,-0.3,0.0,0.1,4.0,0.01,10000,10,0.4565,0.0068
(400  200),true,euclidean,1000,0.0,0.6,0.0,1,[(100  100)  (300  100)],0.0,-0.2,0.4,0.1,4.0,0.01,10000,10,0.8199,0.0552
(400  200),true,euclidean,1000,0.0,0.7,0.0,1,[(100  100)  (300  100)],0.9,-0.3,0.5,0.1,4.0,0.01,10000,10,0.7834,0.1113
(400  200),true,euclidean,1000,0.0,0.3,0.0,1,[(100  100)  (300  100)],0.8,-0.4,0.0,0.1,4.0,0.01,10000,10,0.4572,0.0126
(400  200),true,euclidean,1000,0.0,0.0,0.0,1,[(100  100)  (300  100)],1.7,0.4,1.0,0.1,4.0,0.01,10000,10,0.5675,0.0238
(400  200),true,euclidean,1000,0.0,0.3,0.0,1,[(100  100)  (300  100)],0.8,0.5,0.5,0.1,4.0,0.01,10000,10,0.8666,0.0495
(400  200),true,euclidean,1000,0.0,0.0,0.0,1,[(100  100)  (300  100)],0.0,-0.1,0.3,0.1,4.0,0.01,10000,10,0.6419,0.0208
(400  200),true,euclidean,1000,0.0,0.9,0.0,1,[(100  100)  (300  100)],1.2,0.2,1.0,0.1,4.0,0.01,10000,10,0.8836,0.0446
(400  200),true,euclidean,1000,0.0,1.0,0.0,1,[(100  100)  (300  100)],2.0,-0.2,0.4,0.1,4.0,0.01,10000,10,0.512,0.1584
(400  200),true,euclidean,1000,0.0,0.2,0.0,1,[(100  100)  (300  100)],1.3,-0.3,0.7,0.1,4.0,0.01,10000,10,0.8672,0.0661
(400  200),true,euclidean,1000,0.0,0.6,0.0,1,[(100  100)  (300  100)],0.6,-0.1,1.0,0.1,4.0,0.01,10000,10,0.8969,0.0469
(400  200),true,euclidean,1000,0.0,0.1,0.0,1,[(100  100)  (300  100)],1.7,0.8,1.0,0.1,4.0,0.01,10000,10,0.7731,0.0377
(400  200),true,euclidean,1000,0.0,1.0,0.0,1,[(100  100)  (300  100)],0.7,0.0,0.0,0.1,4.0,0.01,10000,10,0.4556,0.0093
(400  200),true,euclidean,1000,0.0,0.5,0.0,1,[(100  100)  (300  100)],1.0,-0.5,0.5,0.1,4.0,0.01,10000,10,0.7105,0.0714
(400  200),true,euclidean,1000,0.0,0.6,0.0,1,[(100  100)  (300  100)],0.3,0.4,0.8,0.1,4.0,0.01,10000,10,0.9575,0.0277
(400  200),true,euclidean,1000,0.0,0.0,0.0,1,[(100  100)  (300  100)],1.2,-0.7,0.1,0.1,4.0,0.01,10000,10,0.6634,0.0188
(400  200),true,euclidean,1000,0.0,0.7,0.0,1,[(100  100)  (300  100)],0.0,0.6,0.1,0.1,4.0,0.01,10000,10,0.8265,0.0398
(400  200),true,euclidean,1000,0.0,0.2,0.0,1,[(100  100)  (300  100)],1.1,-0.4,1.0,0.1,4.0,0.01,10000,10,0.8574,0.0518
(400  200),true,euclidean,1000,0.0,0.1,0.0,1,[(100  100)  (300  100)],0.8,0.4,0.8,0.1,4.0,0.01,10000,10,0.9397,0.0502
(400  200),true,euclidean,1000,0.0,1.0,0.0,1,[(100  100)  (300  100)],0.4,-0.6,1.0,0.1,4.0,0.01,10000,10,0.9066,0.0906
(400  200),true,euclidean,1000,0.0,0.1,0.0,1,[(100  100)  (300  100)],0.0,1.0,0.2,0.1,4.0,0.01,10000,10,0.9596,0.0129
(400  200),true,euclidean,1000,0.0,1.0,0.0,1,[(100  100)  (300  100)],1.0,-0.2,0.6,0.1,4.0,0.01,10000,10,0.8171,0.1598
(400  200),true,euclidean,1000,0.0,0.7,0.0,1,[(100  100)  (300  100)],0.2,0.4,0.0,0.1,4.0,0.01,10000,10,0.5432,0.0065
(400  200),true,euclidean,1000,0.0,0.1,0.0,1,[(100  100)  (300  100)],0.1,0.1,0.8,0.1,4.0,0.01,10000,10,0.9553,0.0182
(400  200),true,euclidean,1000,0.0,0.5,0.0,1,[(100  100)  (300  100)],0.6,0.8,0.7,0.1,4.0,0.01,10000,10,0.9603,0.0109
(400  200),true,euclidean,1000,0.0,0.0,0.0,1,[(100  100)  (300  100)],1.5,-0.3,1.0,0.1,4.0,0.01,10000,10,0.5224,0.0206
(400  200),true,euclidean,1000,0.0,0.9,0.0,1,[(100  100)  (300  100)],0.0,0.0,0.5,0.1,4.0,0.01,10000,10,0.9105,0.0364
(400  200),true,euclidean,1000,0.0,0.4,0.0,1,[(100  100)  (300  100)],1.8,0.3,0.8,0.1,4.0,0.01,10000,10,0.7597,0.0307
(400  200),true,euclidean,1000,0.0,0.5,0.0,1,[(100  100)  (300  100)],0.7,0.2,0.5,0.1,4.0,0.01,10000,10,0.8402,0.0395
(400  200),true,euclidean,1000,0.0,0.4,0.0,1,[(100  100)  (300  100)],0.7,0.7,0.8,0.1,4.0,0.01,10000,10,0.9482,0.0175
(400  200),true,euclidean,1000,0.0,0.1,0.0,1,[(100  100)  (300  100)],1.9,0.4,0.9,0.1,4.0,0.01,10000,10,0.813,0.0439
(400  200),true,euclidean,1000,0.0,1.0,0.0,1,[(100  100)  (300  100)],0.9,0.4,0.0,0.1,4.0,0.01,10000,10,0.4556,0.0068
(400  200),true,euclidean,1000,0.0,0.1,0.0,1,[(100  100)  (300  100)],1.2,-0.6,0.6,0.1,4.0,0.01,10000,10,0.8443,0.0884
(400  200),true,euclidean,1000,0.0,0.6,0.0,1,[(100  100)  (300  100)],1.0,-0.7,0.4,0.1,4.0,0.01,10000,10,0.7553,0.0906
(400  200),true,euclidean,1000,0.0,0.6,0.0,1,[(100  100)  (300  100)],0.9,0.9,0.2,0.1,4.0,0.01,10000,10,0.8341,0.045
(400  200),true,euclidean,1000,0.0,0.4,0.0,1,[(100  100)  (300  100)],1.4,0.4,0.3,0.1,4.0,0.01,10000,10,0.7369,0.0902
(400  200),true,euclidean,1000,0.0,0.7,0.0,1,[(100  100)  (300  100)],0.7,0.8,0.6,0.1,4.0,0.01,10000,10,0.9564,0.0214
(400  200),true,euclidean,1000,0.0,0.0,0.0,1,[(100  100)  (300  100)],1.4,-0.5,0.0,0.1,4.0,0.01,10000,10,0.4023,0.011
(400  200),true,euclidean,1000,0.0,0.6,0.0,1,[(100  100)  (300  100)],1.9,0.9,0.5,0.1,4.0,0.01,10000,10,0.6253,0.0341
(400  200),true,euclidean,1000,0.0,0.4,0.0,1,[(100  100)  (300  100)],1.3,0.8,0.4,0.1,4.0,0.01,10000,10,0.7861,0.0651
(400  200),true,euclidean,1000,0.0,0.6,0.0,1,[(100  100)  (300  100)],1.4,0.8,0.6,0.1,4.0,0.01,10000,10,0.8238,0.0306
(400  200),true,euclidean,1000,0.0,1.0,0.0,1,[(100  100)  (300  100)],0.4,-0.4,0.3,0.1,4.0,0.01,10000,10,0.7353,0.1345
(400  200),true,euclidean,1000,0.0,0.4,0.0,1,[(100  100)  (300  100)],0.7,-0.3,0.5,0.1,4.0,0.01,10000,10,0.8728,0.0485
(400  200),true,euclidean,1000,0.0,1.0,0.0,1,[(100  100)  (300  100)],0.3,0.8,1.0,0.1,4.0,0.01,10000,10,0.9723,0.0076
(400  200),true,euclidean,1000,0.0,0.7,0.0,1,[(100  100)  (300  100)],1.8,1.0,0.3,0.1,4.0,0.01,10000,10,0.6287,0.0463
(400  200),true,euclidean,1000,0.0,0.7,0.0,1,[(100  100)  (300  100)],2.0,1.0,0.9,0.1,4.0,0.01,10000,10,0.6303,0.0361
(400  200),true,euclidean,1000,0.0,0.8,0.0,1,[(100  100)  (300  100)],0.9,-0.2,0.3,0.1,4.0,0.01,10000,10,0.7638,0.1095
(400  200),true,euclidean,1000,0.0,0.0,0.0,1,[(100  100)  (300  100)],0.2,-0.3,0.0,0.1,4.0,0.01,10000,10,0.4077,0.0077
(400  200),true,euclidean,1000,0.0,1.0,0.0,1,[(100  100)  (300  100)],0.8,0.3,0.8,0.1,4.0,0.01,10000,10,0.8893,0.073
(400  200),true,euclidean,1000,0.0,0.0,0.0,1,[(100  100)  (300  100)],1.4,0.9,0.8,0.1,4.0,0.01,10000,10,0.6051,0.0232
(400  200),true,euclidean,1000,0.0,0.2,0.0,1,[(100  100)  (300  100)],1.0,-0.2,0.1,0.1,4.0,0.01,10000,10,0.5172,0.0584
(400  200),true,euclidean,1000,0.0,0.8,0.0,1,[(100  100)  (300  100)],1.7,0.9,0.9,0.1,4.0,0.01,10000,10,0.794,0.0289
(400  200),true,euclidean,1000,0.0,0.0,0.0,1,[(100  100)  (300  100)],0.4,-0.7,0.2,0.1,4.0,0.01,10000,10,0.6497,0.0157
(400  200),true,euclidean,1000,0.0,0.3,0.0,1,[(100  100)  (300  100)],1.2,-0.1,0.5,0.1,4.0,0.01,10000,10,0.8056,0.0748
(400  200),true,euclidean,1000,0.0,0.3,0.0,1,[(100  100)  (300  100)],1.2,0.1,0.8,0.1,4.0,0.01,10000,10,0.8422,0.0326
(400  200),true,euclidean,1000,0.0,0.8,0.0,1,[(100  100)  (300  100)],0.0,-0.6,0.1,0.1,4.0,0.01,10000,10,0.5182,0.0858
(400  200),true,euclidean,1000,0.0,0.3,0.0,1,[(100  100)  (300  100)],1.1,0.7,1.0,0.1,4.0,0.01,10000,10,0.9002,0.03
(400  200),true,euclidean,1000,0.0,0.9,0.0,1,[(100  100)  (300  100)],1.5,0.3,0.5,0.1,4.0,0.01,10000,10,0.7812,0.0575
(400  200),true,euclidean,1000,0.0,0.9,0.0,1,[(100  100)  (300  100)],1.9,0.3,0.6,0.1,4.0,0.01,10000,10,0.6674,0.0393
(400  200),true,euclidean,1000,0.0,0.4,0.0,1,[(100  100)  (300  100)],0.2,0.2,0.6,0.1,4.0,0.01,10000,10,0.9443,0.0161
(400  200),true,euclidean,1000,0.0,0.8,0.0,1,[(100  100)  (300  100)],1.3,-0.1,0.0,0.1,4.0,0.01,10000,10,0.4508,0.0068
(400  200),true,euclidean,1000,0.0,0.2,0.0,1,[(100  100)  (300  100)],0.9,-1.0,0.5,0.1,4.0,0.01,10000,10,0.8691,0.0698
(400  200),true,euclidean,1000,0.0,0.4,0.0,1,[(100  100)  (300  100)],1.0,0.4,0.2,0.1,4.0,0.01,10000,10,0.7695,0.0542
(400  200),true,euclidean,1000,0.0,0.0,0.0,1,[(100  100)  (300  100)],1.2,-0.2,0.5,0.1,4.0,0.01,10000,10,0.5648,0.0271
(400  200),true,euclidean,1000,0.0,0.8,0.0,1,[(100  100)  (300  100)],0.1,-1.0,1.0,0.1,4.0,0.01,10000,10,0.8951,0.0645
(400  200),true,euclidean,1000,0.0,0.0,0.0,1,[(100  100)  (300  100)],1.7,-1.0,0.1,0.1,4.0,0.01,10000,10,0.6558,0.0263
(400  200),true,euclidean,1000,0.0,0.3,0.0,1,[(100  100)  (300  100)],1.5,0.4,0.8,0.1,4.0,0.01,10000,10,0.8387,0.0322
(400  200),true,euclidean,1000,0.0,0.0,0.0,1,[(100  100)  (300  100)],1.2,0.4,0.4,0.1,4.0,0.01,10000,10,0.6311,0.0259
(400  200),true,euclidean,1000,0.0,0.2,0.0,1,[(100  100)  (300  100)],0.0,-0.3,0.5,0.1,4.0,0.01,10000,10,0.9069,0.0298
(400  200),true,euclidean,1000,0.0,0.8,0.0,1,[(100  100)  (300  100)],0.7,0.8,0.4,0.1,4.0,0.01,10000,10,0.9363,0.0254
(400  200),true,euclidean,1000,0.0,0.7,0.0,1,[(100  100)  (300  100)],1.5,-0.7,0.3,0.1,4.0,0.01,10000,10,0.6636,0.0977
(400  200),true,euclidean,1000,0.0,0.4,0.0,1,[(100  100)  (300  100)],1.8,-0.7,1.0,0.1,4.0,0.01,10000,10,0.827,0.0616
(400  200),true,euclidean,1000,0.0,0.4,0.0,1,[(100  100)  (300  100)],2.0,0.6,1.0,0.1,4.0,0.01,10000,10,0.7183,0.0627
(400  200),true,euclidean,1000,0.0,1.0,0.0,1,[(100  100)  (300  100)],0.4,-0.2,0.5,0.1,4.0,0.01,10000,10,0.8467,0.1309
(400  200),true,euclidean,1000,0.0,0.4,0.0,1,[(100  100)  (300  100)],1.4,0.7,0.4,0.1,4.0,0.01,10000,10,0.7639,0.0351
(400  200),true,euclidean,1000,0.0,0.1,0.0,1,[(100  100)  (300  100)],1.1,0.7,0.4,0.1,4.0,0.01,10000,10,0.8644,0.0471
(400  200),true,euclidean,1000,0.0,0.6,0.0,1,[(100  100)  (300  100)],0.9,-0.5,0.2,0.1,4.0,0.01,10000,10,0.6238,0.1081
(400  200),true,euclidean,1000,0.0,0.4,0.0,1,[(100  100)  (300  100)],1.5,-0.4,0.5,0.1,4.0,0.01,10000,10,0.7061,0.0784
(400  200),true,euclidean,1000,0.0,0.0,0.0,1,[(100  100)  (300  100)],0.6,-0.4,0.0,0.1,4.0,0.01,10000,10,0.4025,0.0094
(400  200),true,euclidean,1000,0.0,0.7,0.0,1,[(100  100)  (300  100)],0.7,0.5,1.0,0.1,4.0,0.01,10000,10,0.9197,0.0156
(400  200),true,euclidean,1000,0.0,0.1,0.0,1,[(100  100)  (300  100)],1.9,-0.3,0.6,0.1,4.0,0.01,10000,10,0.7608,0.1054
(400  200),true,euclidean,1000,0.0,0.1,0.0,1,[(100  100)  (300  100)],1.5,0.4,0.7,0.1,4.0,0.01,10000,10,0.8101,0.0647
(400  200),true,euclidean,1000,0.0,0.4,0.0,1,[(100  100)  (300  100)],0.9,1.0,0.7,0.1,4.0,0.01,10000,10,0.9513,0.0129
(400  200),true,euclidean,1000,0.0,0.7,0.0,1,[(100  100)  (300  100)],1.7,-0.3,0.5,0.1,4.0,0.01,10000,10,0.6742,0.1006
(400  200),true,euclidean,1000,0.0,0.7,0.0,1,[(100  100)  (300  100)],1.9,0.2,0.1,0.1,4.0,0.01,10000,10,0.4092,0.0816
(400  200),true,euclidean,1000,0.0,0.7,0.0,1,[(100  100)  (300  100)],0.7,-0.6,0.2,0.1,4.0,0.01,10000,10,0.6355,0.091
(400  200),true,euclidean,1000,0.0,0.7,0.0,1,[(100  100)  (300  100)],1.5,0.6,0.8,0.1,4.0,0.01,10000,10,0.8339,0.0456
(400  200),true,euclidean,1000,0.0,0.0,0.0,1,[(100  100)  (300  100)],1.5,0.5,0.3,0.1,4.0,0.01,10000,10,0.6383,0.0185
(400  200),true,euclidean,1000,0.0,0.4,0.0,1,[(100  100)  (300  100)],1.7,0.7,0.1,0.1,4.0,0.01,10000,10,0.4662,0.0797
(400  200),true,euclidean,1000,0.0,0.5,0.0,1,[(100  100)  (300  100)],1.9,-0.4,0.3,0.1,4.0,0.01,10000,10,0.5165,0.1292
(400  200),true,euclidean,1000,0.0,0.0,0.0,1,[(100  100)  (300  100)],0.1,1.0,0.0,0.1,4.0,0.01,10000,10,0.4794,0.0092
(400  200),true,euclidean,1000,0.0,0.8,0.0,1,[(100  100)  (300  100)],1.6,0.7,0.1,0.1,4.0,0.01,10000,10,0.4941,0.0512
(400  200),true,euclidean,1000,0.0,0.1,0.0,1,[(100  100)  (300  100)],1.3,-1.0,0.0,0.1,4.0,0.01,10000,10,0.4542,0.0059
(400  200),true,euclidean,1000,0.0,0.6,0.0,1,[(100  100)  (300  100)],0.4,1.0,0.7,0.1,4.0,0.01,10000,10,0.9531,0.0166
(400  200),true,euclidean,1000,0.0,0.6,0.0,1,[(100  100)  (300  100)],0.3,0.3,0.1,0.1,4.0,0.01,10000,10,0.7469,0.0502
(400  200),true,euclidean,1000,0.0,0.7,0.0,1,[(100  100)  (300  100)],0.0,-1.0,0.1,0.1,4.0,0.01,10000,10,0.5448,0.1095
(400  200),true,euclidean,1000,0.0,0.4,0.0,1,[(100  100)  (300  100)],1.4,-0.9,0.8,0.1,4.0,0.01,10000,10,0.822,0.0462
(400  200),true,euclidean,1000,0.0,0.9,0.0,1,[(100  100)  (300  100)],1.9,0.6,0.7,0.1,4.0,0.01,10000,10,0.6887,0.0706
(400  200),true,euclidean,1000,0.0,0.0,0.0,1,[(100  100)  (300  100)],0.3,0.5,0.0,0.1,4.0,0.01,10000,10,0.4795,0.0083
(400  200),true,euclidean,1000,0.0,0.7,0.0,1,[(100  100)  (300  100)],1.3,0.9,0.5,0.1,4.0,0.01,10000,10,0.8141,0.0557
(400  200),true,euclidean,1000,0.0,0.7,0.0,1,[(100  100)  (300  100)],0.0,0.7,1.0,0.1,4.0,0.01,10000,10,0.9741,0.0107
(400  200),true,euclidean,1000,0.0,0.9,0.0,1,[(100  100)  (300  100)],0.3,0.0,0.7,0.1,4.0,0.01,10000,10,0.8628,0.0703
(400  200),true,euclidean,1000,0.0,0.1,0.0,1,[(100  100)  (300  100)],1.9,0.2,0.6,0.1,4.0,0.01,10000,10,0.7328,0.0297
(400  200),true,euclidean,1000,0.0,0.8,0.0,1,[(100  100)  (300  100)],1.3,-0.7,0.3,0.1,4.0,0.01,10000,10,0.5853,0.1615
(400  200),true,euclidean,1000,0.0,1.0,0.0,1,[(100  100)  (300  100)],1.5,-0.9,0.6,0.1,4.0,0.01,10000,10,0.7748,0.133
(400  200),true,euclidean,1000,0.0,0.2,0.0,1,[(100  100)  (300  100)],0.9,0.5,0.4,0.1,4.0,0.01,10000,10,0.8894,0.0313
(400  200),true,euclidean,1000,0.0,0.0,0.0,1,[(100  100)  (300  100)],0.9,-0.9,0.4,0.1,4.0,0.01,10000,10,0.6175,0.0317
(400  200),true,euclidean,1000,0.0,0.1,0.0,1,[(100  100)  (300  100)],0.5,-0.5,0.5,0.1,4.0,0.01,10000,10,0.9226,0.0533
(400  200),true,euclidean,1000,0.0,0.6,0.0,1,[(100  100)  (300  100)],0.8,0.4,0.2,0.1,4.0,0.01,10000,10,0.7857,0.074
(400  200),true,euclidean,1000,0.0,0.6,0.0,1,[(100  100)  (300  100)],1.8,0.8,0.7,0.1,4.0,0.01,10000,10,0.7062,0.0485
(400  200),true,euclidean,1000,0.0,0.9,0.0,1,[(100  100)  (300  100)],1.8,-0.3,0.7,0.1,4.0,0.01,10000,10,0.7286,0.1166
(400  200),true,euclidean,1000,0.0,0.3,0.0,1,[(100  100)  (300  100)],1.1,0.4,0.3,0.1,4.0,0.01,10000,10,0.8145,0.0392
(400  200),true,euclidean,1000,0.0,0.9,0.0,1,[(100  100)  (300  100)],0.2,-0.7,0.9,0.1,4.0,0.01,10000,10,0.9309,0.0572
(400  200),true,euclidean,1000,0.0,1.0,0.0,1,[(100  100)  (300  100)],0.8,-1.0,0.8,0.1,4.0,0.01,10000,10,0.8302,0.1184
(400  200),true,euclidean,1000,0.0,0.1,0.0,1,[(100  100)  (300  100)],1.2,0.8,1.0,0.1,4.0,0.01,10000,10,0.8852,0.0406
(400  200),true,euclidean,1000,0.0,0.0,0.0,1,[(100  100)  (300  100)],1.6,-0.1,0.2,0.1,4.0,0.01,10000,10,0.6156,0.0173
(400  200),true,euclidean,1000,0.0,0.0,0.0,1,[(100  100)  (300  100)],1.4,-0.2,0.6,0.1,4.0,0.01,10000,10,0.5508,0.0229
(400  200),true,euclidean,1000,0.0,0.1,0.0,1,[(100  100)  (300  100)],2.0,0.9,0.1,0.1,4.0,0.01,10000,10,0.5345,0.0496
(400  200),true,euclidean,1000,0.0,0.0,0.0,1,[(100  100)  (300  100)],0.8,-0.3,0.2,0.1,4.0,0.01,10000,10,0.659,0.0243
(400  200),true,euclidean,1000,0.0,0.8,0.0,1,[(100  100)  (300  100)],1.3,0.5,0.8,0.1,4.0,0.01,10000,10,0.8458,0.0499
(400  200),true,euclidean,1000,0.0,0.3,0.0,1,[(100  100)  (300  100)],0.8,0.8,0.4,0.1,4.0,0.01,10000,10,0.9311,0.0329
(400  200),true,euclidean,1000,0.0,0.3,0.0,1,[(100  100)  (300  100)],1.5,0.8,0.1,0.1,4.0,0.01,10000,10,0.6294,0.0387
(400  200),true,euclidean,1000,0.0,0.6,0.0,1,[(100  100)  (300  100)],1.4,0.4,0.2,0.1,4.0,0.01,10000,10,0.6534,0.1075
(400  200),true,euclidean,1000,0.0,0.1,0.0,1,[(100  100)  (300  100)],0.9,0.7,0.8,0.1,4.0,0.01,10000,10,0.9409,0.0333
(400  200),true,euclidean,1000,0.0,0.1,0.0,1,[(100  100)  (300  100)],0.0,-0.6,0.4,0.1,4.0,0.01,10000,10,0.9253,0.0475
(400  200),true,euclidean,1000,0.0,0.8,0.0,1,[(100  100)  (300  100)],1.9,0.6,0.2,0.1,4.0,0.01,10000,10,0.5169,0.0503
(400  200),true,euclidean,1000,0.0,0.9,0.0,1,[(100  100)  (300  100)],0.4,-0.8,0.8,0.1,4.0,0.01,10000,10,0.8932,0.0761
(400  200),true,euclidean,1000,0.0,0.9,0.0,1,[(100  100)  (300  100)],0.3,0.9,0.2,0.1,4.0,0.01,10000,10,0.8732,0.0327
(400  200),true,euclidean,1000,0.0,1.0,0.0,1,[(100  100)  (300  100)],1.5,-1.0,0.3,0.1,4.0,0.01,10000,10,0.5764,0.1582
(400  200),true,euclidean,1000,0.0,0.6,0.0,1,[(100  100)  (300  100)],0.4,-0.5,0.7,0.1,4.0,0.01,10000,10,0.8682,0.0609
(400  200),true,euclidean,1000,0.0,1.0,0.0,1,[(100  100)  (300  100)],1.4,0.1,0.3,0.1,4.0,0.01,10000,10,0.6472,0.0851
(400  200),true,euclidean,1000,0.0,0.7,0.0,1,[(100  100)  (300  100)],0.5,0.0,0.0,0.1,4.0,0.01,10000,10,0.4557,0.0073
(400  200),true,euclidean,1000,0.0,0.3,0.0,1,[(100  100)  (300  100)],0.2,0.8,0.1,0.1,4.0,0.01,10000,10,0.8701,0.0299
(400  200),true,euclidean,1000,0.0,0.9,0.0,1,[(100  100)  (300  100)],0.1,0.9,0.3,0.1,4.0,0.01,10000,10,0.9096,0.0326
(400  200),true,euclidean,1000,0.0,0.1,0.0,1,[(100  100)  (300  100)],0.8,0.5,0.8,0.1,4.0,0.01,10000,10,0.9425,0.0461
(400  200),true,euclidean,1000,0.0,0.2,0.0,1,[(100  100)  (300  100)],1.9,0.6,0.4,0.1,4.0,0.01,10000,10,0.658,0.0539
(400  200),true,euclidean,1000,0.0,0.7,0.0,1,[(100  100)  (300  100)],1.4,0.9,0.0,0.1,4.0,0.01,10000,10,0.4596,0.0046
(400  200),true,euclidean,1000,0.0,0.2,0.0,1,[(100  100)  (300  100)],1.4,0.8,0.2,0.1,4.0,0.01,10000,10,0.7533,0.0382
(400  200),true,euclidean,1000,0.0,0.7,0.0,1,[(100  100)  (300  100)],0.6,0.7,1.0,0.1,4.0,0.01,10000,10,0.9618,0.0219
(400  200),true,euclidean,1000,0.0,0.7,0.0,1,[(100  100)  (300  100)],0.6,0.0,0.7,0.1,4.0,0.01,10000,10,0.8787,0.0622
(400  200),true,euclidean,1000,0.0,0.5,0.0,1,[(100  100)  (300  100)],1.4,-0.1,0.8,0.1,4.0,0.01,10000,10,0.7538,0.038
(400  200),true,euclidean,1000,0.0,0.2,0.0,1,[(100  100)  (300  100)],0.2,1.0,0.5,0.1,4.0,0.01,10000,10,0.9705,0.0109
(400  200),true,euclidean,1000,0.0,0.4,0.0,1,[(100  100)  (300  100)],1.0,-0.2,0.5,0.1,4.0,0.01,10000,10,0.7409,0.0886
(400  200),true,euclidean,1000,0.0,0.6,0.0,1,[(100  100)  (300  100)],0.4,-0.5,0.6,0.1,4.0,0.01,10000,10,0.8267,0.058
(400  200),true,euclidean,1000,0.0,0.6,0.0,1,[(100  100)  (300  100)],0.7,-0.6,0.8,0.1,4.0,0.01,10000,10,0.8728,0.0468
(400  200),true,euclidean,1000,0.0,0.3,0.0,1,[(100  100)  (300  100)],1.1,-0.5,0.9,0.1,4.0,0.01,10000,10,0.8523,0.0527
(400  200),true,euclidean,1000,0.0,0.2,0.0,1,[(100  100)  (300  100)],0.3,0.6,1.0,0.1,4.0,0.01,10000,10,0.9738,0.0112
(400  200),true,euclidean,1000,0.0,0.7,0.0,1,[(100  100)  (300  100)],1.7,-0.8,0.3,0.1,4.0,0.01,10000,10,0.5607,0.1038
(400  200),true,euclidean,1000,0.0,0.8,0.0,1,[(100  100)  (300  100)],1.4,-0.4,0.1,0.1,4.0,0.01,10000,10,0.4016,0.0679
(400  200),true,euclidean,1000,0.0,1.0,0.0,1,[(100  100)  (300  100)],0.7,0.6,0.9,0.1,4.0,0.01,10000,10,0.9158,0.0453
(400  200),true,euclidean,1000,0.0,1.0,0.0,1,[(100  100)  (300  100)],2.0,0.8,0.3,0.1,4.0,0.01,10000,10,0.495,0.0661
(400  200),true,euclidean,1000,0.0,0.0,0.0,1,[(100  100)  (300  100)],0.0,-0.8,0.4,0.1,4.0,0.01,10000,10,0.6245,0.0293
(400  200),true,euclidean,1000,0.0,1.0,0.0,1,[(100  100)  (300  100)],1.2,0.3,0.9,0.1,4.0,0.01,10000,10,0.8538,0.076
(400  200),true,euclidean,1000,0.0,0.4,0.0,1,[(100  100)  (300  100)],1.2,0.5,0.4,0.1,4.0,0.01,10000,10,0.8065,0.0437
(400  200),true,euclidean,1000,0.0,0.6,0.0,1,[(100  100)  (300  100)],1.7,0.2,0.6,0.1,4.0,0.01,10000,10,0.7421,0.0335
(400  200),true,euclidean,1000,0.0,0.3,0.0,1,[(100  100)  (300  100)],1.5,-0.5,0.0,0.1,4.0,0.01,10000,10,0.4568,0.0068
(400  200),true,euclidean,1000,0.0,0.4,0.0,1,[(100  100)  (300  100)],0.9,-0.2,0.8,0.1,4.0,0.01,10000,10,0.8913,0.051
(400  200),true,euclidean,1000,0.0,0.4,0.0,1,[(100  100)  (300  100)],1.1,-0.3,0.3,0.1,4.0,0.01,10000,10,0.7241,0.0828
(400  200),true,euclidean,1000,0.0,0.2,0.0,1,[(100  100)  (300  100)],1.5,0.1,0.2,0.1,4.0,0.01,10000,10,0.6825,0.0853
(400  200),true,euclidean,1000,0.0,0.7,0.0,1,[(100  100)  (300  100)],1.8,1.0,0.9,0.1,4.0,0.01,10000,10,0.7057,0.0215
(400  200),true,euclidean,1000,0.0,0.5,0.0,1,[(100  100)  (300  100)],0.6,-0.8,0.6,0.1,4.0,0.01,10000,10,0.8312,0.0712
(400  200),true,euclidean,1000,0.0,0.3,0.0,1,[(100  100)  (300  100)],0.9,-0.1,0.9,0.1,4.0,0.01,10000,10,0.8858,0.0456
(400  200),true,euclidean,1000,0.0,0.1,0.0,1,[(100  100)  (300  100)],0.5,-0.6,0.2,0.1,4.0,0.01,10000,10,0.7944,0.0615
(400  200),true,euclidean,1000,0.0,0.0,0.0,1,[(100  100)  (300  100)],1.3,-0.4,0.9,0.1,4.0,0.01,10000,10,0.5325,0.017
(400  200),true,euclidean,1000,0.0,0.6,0.0,1,[(100  100)  (300  100)],1.7,-0.6,0.2,0.1,4.0,0.01,10000,10,0.4903,0.1298
(400  200),true,euclidean,1000,0.0,0.7,0.0,1,[(100  100)  (300  100)],0.6,0.2,0.1,0.1,4.0,0.01,10000,10,0.5923,0.0619
(400  200),true,euclidean,1000,0.0,0.5,0.0,1,[(100  100)  (300  100)],0.5,0.0,0.5,0.1,4.0,0.01,10000,10,0.82,0.0497
(400  200),true,euclidean,1000,0.0,0.4,0.0,1,[(100  100)  (300  100)],0.4,-0.5,0.8,0.1,4.0,0.01,10000,10,0.883,0.0348
(400  200),true,euclidean,1000,0.0,1.0,0.0,1,[(100  100)  (300  100)],0.2,0.9,0.2,0.1,4.0,0.01,10000,10,0.884,0.0439
(400  200),true,euclidean,1000,0.0,0.5,0.0,1,[(100  100)  (300  100)],1.8,0.5,0.5,0.1,4.0,0.01,10000,10,0.6955,0.0516
(400  200),true,euclidean,1000,0.0,0.9,0.0,1,[(100  100)  (300  100)],0.1,-0.3,0.6,0.1,4.0,0.01,10000,10,0.8773,0.1047
(400  200),true,euclidean,1000,0.0,0.3,0.0,1,[(100  100)  (300  100)],1.0,-0.3,0.5,0.1,4.0,0.01,10000,10,0.8261,0.1303
(400  200),true,euclidean,1000,0.0,0.1,0.0,1,[(100  100)  (300  100)],1.2,0.6,0.2,0.1,4.0,0.01,10000,10,0.8012,0.0416
(400  200),true,euclidean,1000,0.0,0.6,0.0,1,[(100  100)  (300  100)],1.5,0.0,0.1,0.1,4.0,0.01,10000,10,0.4322,0.0792
(400  200),true,euclidean,1000,0.0,0.4,0.0,1,[(100  100)  (300  100)],0.4,0.5,0.7,0.1,4.0,0.01,10000,10,0.9657,0.0082
(400  200),true,euclidean,1000,0.0,0.7,0.0,1,[(100  100)  (300  100)],1.5,1.0,0.0,0.1,4.0,0.01,10000,10,0.4606,0.0091
(400  200),true,euclidean,1000,0.0,0.7,0.0,1,[(100  100)  (300  100)],1.8,-1.0,0.5,0.1,4.0,0.01,10000,10,0.8067,0.1127
(400  200),true,euclidean,1000,0.0,0.7,0.0,1,[(100  100)  (300  100)],2.0,0.5,0.9,0.1,4.0,0.01,10000,10,0.72,0.0467
(400  200),true,euclidean,1000,0.0,0.6,0.0,1,[(100  100)  (300  100)],1.9,-0.1,0.8,0.1,4.0,0.01,10000,10,0.7713,0.0807
(400  200),true,euclidean,1000,0.0,0.7,0.0,1,[(100  100)  (300  100)],1.0,-0.4,0.9,0.1,4.0,0.01,10000,10,0.8473,0.0662
(400  200),true,euclidean,1000,0.0,0.1,0.0,1,[(100  100)  (300  100)],2.0,0.2,0.7,0.1,4.0,0.01,10000,10,0.74,0.069
(400  200),true,euclidean,1000,0.0,0.1,0.0,1,[(100  100)  (300  100)],0.0,-1.0,0.4,0.1,4.0,0.01,10000,10,0.9126,0.054
(400  200),true,euclidean,1000,0.0,0.9,0.0,1,[(100  100)  (300  100)],0.8,-0.1,0.3,0.1,4.0,0.01,10000,10,0.7868,0.1022
(400  200),true,euclidean,1000,0.0,0.2,0.0,1,[(100  100)  (300  100)],0.6,0.8,0.5,0.1,4.0,0.01,10000,10,0.9599,0.0097
(400  200),true,euclidean,1000,0.0,0.2,0.0,1,[(100  100)  (300  100)],1.1,0.6,1.0,0.1,4.0,0.01,10000,10,0.9134,0.0351
(400  200),true,euclidean,1000,0.0,0.6,0.0,1,[(100  100)  (300  100)],1.9,-0.1,0.5,0.1,4.0,0.01,10000,10,0.6648,0.1122
(400  200),true,euclidean,1000,0.0,0.3,0.0,1,[(100  100)  (300  100)],0.4,0.6,0.8,0.1,4.0,0.01,10000,10,0.9702,0.0086
(400  200),true,euclidean,1000,0.0,0.8,0.0,1,[(100  100)  (300  100)],1.3,0.1,0.5,0.1,4.0,0.01,10000,10,0.7926,0.0647
(400  200),true,euclidean,1000,0.0,0.5,0.0,1,[(100  100)  (300  100)],1.3,0.0,0.1,0.1,4.0,0.01,10000,10,0.4789,0.0721
(400  200),true,euclidean,1000,0.0,0.5,0.0,1,[(100  100)  (300  100)],0.2,-1.0,0.0,0.1,4.0,0.01,10000,10,0.4546,0.0074
(400  200),true,euclidean,1000,0.0,0.5,0.0,1,[(100  100)  (300  100)],0.0,0.9,0.9,0.1,4.0,0.01,10000,10,0.9672,0.0129
(400  200),true,euclidean,1000,0.0,0.5,0.0,1,[(100  100)  (300  100)],0.7,0.1,0.8,0.1,4.0,0.01,10000,10,0.9231,0.0231
(400  200),true,euclidean,1000,0.0,0.2,0.0,1,[(100  100)  (300  100)],1.6,-0.3,0.7,0.1,4.0,0.01,10000,10,0.8189,0.0758
(400  200),true,euclidean,1000,0.0,0.3,0.0,1,[(100  100)  (300  100)],0.8,0.7,0.1,0.1,4.0,0.01,10000,10,0.7548,0.0504
(400  200),true,euclidean,1000,0.0,1.0,0.0,1,[(100  100)  (300  100)],1.7,-0.7,0.2,0.1,4.0,0.01,10000,10,0.476,0.1586
(400  200),true,euclidean,1000,0.0,0.8,0.0,1,[(100  100)  (300  100)],1.0,0.6,0.2,0.1,4.0,0.01,10000,10,0.726,0.0788
(400  200),true,euclidean,1000,0.0,0.9,0.0,1,[(100  100)  (300  100)],0.9,0.5,0.9,0.1,4.0,0.01,10000,10,0.9112,0.0408
(400  200),true,euclidean,1000,0.0,0.3,0.0,1,[(100  100)  (300  100)],1.0,0.1,0.2,0.1,4.0,0.01,10000,10,0.7874,0.0462
(400  200),true,euclidean,1000,0.0,0.3,0.0,1,[(100  100)  (300  100)],1.8,0.1,0.1,0.1,4.0,0.01,10000,10,0.4346,0.0704
(400  200),true,euclidean,1000,0.0,0.4,0.0,1,[(100  100)  (300  100)],0.7,0.5,0.5,0.1,4.0,0.01,10000,10,0.9005,0.0427
(400  200),true,euclidean,1000,0.0,1.0,0.0,1,[(100  100)  (300  100)],0.7,-0.8,0.4,0.1,4.0,0.01,10000,10,0.8131,0.1151
(400  200),true,euclidean,1000,0.0,0.3,0.0,1,[(100  100)  (300  100)],0.4,0.8,0.3,0.1,4.0,0.01,10000,10,0.951,0.0089
(400  200),true,euclidean,1000,0.0,1.0,0.0,1,[(100  100)  (300  100)],0.5,0.3,0.5,0.1,4.0,0.01,10000,10,0.862,0.0645
(400  200),true,euclidean,1000,0.0,0.2,0.0,1,[(100  100)  (300  100)],0.7,-0.3,0.1,0.1,4.0,0.01,10000,10,0.6578,0.0529
(400  200),true,euclidean,1000,0.0,0.3,0.0,1,[(100  100)  (300  100)],0.9,1.0,0.5,0.1,4.0,0.01,10000,10,0.9498,0.0135
(400  200),true,euclidean,1000,0.0,0.9,0.0,1,[(100  100)  (300  100)],1.5,1.0,0.7,0.1,4.0,0.01,10000,10,0.7976,0.039
(400  200),true,euclidean,1000,0.0,0.6,0.0,1,[(100  100)  (300  100)],0.6,0.9,0.2,0.1,4.0,0.01,10000,10,0.8829,0.0286
(400  200),true,euclidean,1000,0.0,1.0,0.0,1,[(100  100)  (300  100)],0.1,-0.7,0.2,0.1,4.0,0.01,10000,10,0.6409,0.1528
(400  200),true,euclidean,1000,0.0,0.4,0.0,1,[(100  100)  (300  100)],1.9,1.0,0.5,0.1,4.0,0.01,10000,10,0.6709,0.0325
(400  200),true,euclidean,1000,0.0,0.5,0.0,1,[(100  100)  (300  100)],1.4,0.5,0.5,0.1,4.0,0.01,10000,10,0.7943,0.0564
(400  200),true,euclidean,1000,0.0,0.2,0.0,1,[(100  100)  (300  100)],0.5,0.0,0.5,0.1,4.0,0.01,10000,10,0.895,0.0392
(400  200),true,euclidean,1000,0.0,1.0,0.0,1,[(100  100)  (300  100)],1.7,-0.5,0.1,0.1,4.0,0.01,10000,10,0.3856,0.0801
(400  200),true,euclidean,1000,0.0,0.4,0.0,1,[(100  100)  (300  100)],0.5,-0.8,0.8,0.1,4.0,0.01,10000,10,0.8762,0.0369
(400  200),true,euclidean,1000,0.0,0.8,0.0,1,[(100  100)  (300  100)],0.7,-0.3,0.4,0.1,4.0,0.01,10000,10,0.7731,0.0804
(400  200),true,euclidean,1000,0.0,0.2,0.0,1,[(100  100)  (300  100)],0.3,-0.8,0.7,0.1,4.0,0.01,10000,10,0.8661,0.03
(400  200),true,euclidean,1000,0.0,0.3,0.0,1,[(100  100)  (300  100)],1.1,-0.4,0.2,0.1,4.0,0.01,10000,10,0.617,0.1017
(400  200),true,euclidean,1000,0.0,0.6,0.0,1,[(100  100)  (300  100)],1.9,-0.2,0.8,0.1,4.0,0.01,10000,10,0.7377,0.0691
(400  200),true,euclidean,1000,0.0,0.1,0.0,1,[(100  100)  (300  100)],1.6,1.0,0.2,0.1,4.0,0.01,10000,10,0.7225,0.0219
(400  200),true,euclidean,1000,0.0,0.1,0.0,1,[(100  100)  (300  100)],0.4,-0.2,0.4,0.1,4.0,0.01,10000,10,0.8742,0.054
(400  200),true,euclidean,1000,0.0,0.1,0.0,1,[(100  100)  (300  100)],0.2,-0.9,0.2,0.1,4.0,0.01,10000,10,0.879,0.0635
(400  200),true,euclidean,1000,0.0,0.3,0.0,1,[(100  100)  (300  100)],0.8,0.1,0.0,0.1,4.0,0.01,10000,10,0.4582,0.0081
(400  200),true,euclidean,1000,0.0,1.0,0.0,1,[(100  100)  (300  100)],1.2,1.0,0.2,0.1,4.0,0.01,10000,10,0.6539,0.0802
(400  200),true,euclidean,1000,0.0,0.4,0.0,1,[(100  100)  (300  100)],0.1,-0.6,0.2,0.1,4.0,0.01,10000,10,0.7622,0.0742
(400  200),true,euclidean,1000,0.0,0.3,0.0,1,[(100  100)  (300  100)],1.8,-0.8,0.4,0.1,4.0,0.01,10000,10,0.702,0.088
(400  200),true,euclidean,1000,0.0,0.7,0.0,1,[(100  100)  (300  100)],1.3,0.1,0.0,0.1,4.0,0.01,10000,10,0.4502,0.0081
(400  200),true,euclidean,1000,0.0,0.8,0.0,1,[(100  100)  (300  100)],1.2,0.4,0.3,0.1,4.0,0.01,10000,10,0.716,0.1113
(400  200),true,euclidean,1000,0.0,0.0,0.0,1,[(100  100)  (300  100)],1.4,-0.7,0.9,0.1,4.0,0.01,10000,10,0.5342,0.0174
(400  200),true,euclidean,1000,0.0,0.6,0.0,1,[(100  100)  (300  100)],0.5,-0.7,0.5,0.1,4.0,0.01,10000,10,0.7761,0.0975
(400  200),true,euclidean,1000,0.0,0.5,0.0,1,[(100  100)  (300  100)],0.4,-0.7,0.5,0.1,4.0,0.01,10000,10,0.8111,0.0934
(400  200),true,euclidean,1000,0.0,0.3,0.0,1,[(100  100)  (300  100)],0.1,0.8,0.5,0.1,4.0,0.01,10000,10,0.9617,0.0155
(400  200),true,euclidean,1000,0.0,0.7,0.0,1,[(100  100)  (300  100)],1.3,0.3,0.3,0.1,4.0,0.01,10000,10,0.7049,0.1462
(400  200),true,euclidean,1000,0.0,1.0,0.0,1,[(100  100)  (300  100)],1.7,0.3,0.6,0.1,4.0,0.01,10000,10,0.7436,0.055
(400  200),true,euclidean,1000,0.0,1.0,0.0,1,[(100  100)  (300  100)],0.1,0.3,0.6,0.1,4.0,0.01,10000,10,0.9392,0.0315
(400  200),true,euclidean,1000,0.0,0.2,0.0,1,[(100  100)  (300  100)],1.3,-0.8,0.9,0.1,4.0,0.01,10000,10,0.8554,0.0764
(400  200),true,euclidean,1000,0.0,0.5,0.0,1,[(100  100)  (300  100)],1.9,0.1,0.3,0.1,4.0,0.01,10000,10,0.5748,0.0792
(400  200),true,euclidean,1000,0.0,0.6,0.0,1,[(100  100)  (300  100)],1.0,-0.9,0.4,0.1,4.0,0.01,10000,10,0.6978,0.1073
(400  200),true,euclidean,1000,0.0,0.7,0.0,1,[(100  100)  (300  100)],1.2,0.8,0.6,0.1,4.0,0.01,10000,10,0.8489,0.0465
(400  200),true,euclidean,1000,0.0,0.1,0.0,1,[(100  100)  (300  100)],0.7,0.9,0.0,0.1,4.0,0.01,10000,10,0.5448,0.0076
(400  200),true,euclidean,1000,0.0,0.2,0.0,1,[(100  100)  (300  100)],1.1,-0.6,0.3,0.1,4.0,0.01,10000,10,0.7612,0.0856
(400  200),true,euclidean,1000,0.0,0.8,0.0,1,[(100  100)  (300  100)],1.6,0.7,0.5,0.1,4.0,0.01,10000,10,0.7384,0.0564
(400  200),true,euclidean,1000,0.0,0.5,0.0,1,[(100  100)  (300  100)],0.2,0.1,0.3,0.1,4.0,0.01,10000,10,0.8189,0.0806
(400  200),true,euclidean,1000,0.0,0.4,0.0,1,[(100  100)  (300  100)],1.9,-0.5,0.0,0.1,4.0,0.01,10000,10,0.4523,0.0082
(400  200),true,euclidean,1000,0.0,0.6,0.0,1,[(100  100)  (300  100)],0.2,1.0,0.1,0.1,4.0,0.01,10000,10,0.8376,0.0502
(400  200),true,euclidean,1000,0.0,0.3,0.0,1,[(100  100)  (300  100)],2.0,0.3,1.0,0.1,4.0,0.01,10000,10,0.7414,0.0382
(400  200),true,euclidean,1000,0.0,0.1,0.0,1,[(100  100)  (300  100)],1.2,0.0,0.6,0.1,4.0,0.01,10000,10,0.8917,0.0852
(400  200),true,euclidean,1000,0.0,0.1,0.0,1,[(100  100)  (300  100)],0.6,-0.3,0.1,0.1,4.0,0.01,10000,10,0.6895,0.065
(400  200),true,euclidean,1000,0.0,1.0,0.0,1,[(100  100)  (300  100)],0.8,0.4,0.5,0.1,4.0,0.01,10000,10,0.8259,0.1141
(400  200),true,euclidean,1000,0.0,1.0,0.0,1,[(100  100)  (300  100)],1.9,-0.7,0.1,0.1,4.0,0.01,10000,10,0.3622,0.079
(400  200),true,euclidean,1000,0.0,0.3,0.0,1,[(100  100)  (300  100)],2.0,-0.5,0.2,0.1,4.0,0.01,10000,10,0.4461,0.1002
(400  200),true,euclidean,1000,0.0,0.0,0.0,1,[(100  100)  (300  100)],0.5,0.9,0.1,0.1,4.0,0.01,10000,10,0.7816,0.0122
(400  200),true,euclidean,1000,0.0,0.3,0.0,1,[(100  100)  (300  100)],1.3,0.6,0.1,0.1,4.0,0.01,10000,10,0.5841,0.0844
(400  200),true,euclidean,1000,0.0,0.3,0.0,1,[(100  100)  (300  100)],0.3,0.5,0.3,0.1,4.0,0.01,10000,10,0.9472,0.02
(400  200),true,euclidean,1000,0.0,0.6,0.0,1,[(100  100)  (300  100)],0.8,-0.7,0.3,0.1,4.0,0.01,10000,10,0.7033,0.1194
(400  200),true,euclidean,1000,0.0,0.5,0.0,1,[(100  100)  (300  100)],0.7,-0.4,0.5,0.1,4.0,0.01,10000,10,0.8225,0.0532
(400  200),true,euclidean,1000,0.0,0.6,0.0,1,[(100  100)  (300  100)],0.3,0.0,0.2,0.1,4.0,0.01,10000,10,0.7103,0.0774
(400  200),true,euclidean,1000,0.0,0.2,0.0,1,[(100  100)  (300  100)],0.6,1.0,0.8,0.1,4.0,0.01,10000,10,0.9655,0.0131
(400  200),true,euclidean,1000,0.0,0.8,0.0,1,[(100  100)  (300  100)],2.0,-1.0,0.3,0.1,4.0,0.01,10000,10,0.5589,0.1135
(400  200),true,euclidean,1000,0.0,0.7,0.0,1,[(100  100)  (300  100)],0.2,-0.9,0.6,0.1,4.0,0.01,10000,10,0.7969,0.1111
(400  200),true,euclidean,1000,0.0,0.6,0.0,1,[(100  100)  (300  100)],1.1,0.3,0.4,0.1,4.0,0.01,10000,10,0.7992,0.1141
(400  200),true,euclidean,1000,0.0,0.1,0.0,1,[(100  100)  (300  100)],0.0,-0.9,0.0,0.1,4.0,0.01,10000,10,0.4567,0.0073
(400  200),true,euclidean,1000,0.0,1.0,0.0,1,[(100  100)  (300  100)],1.4,1.0,0.5,0.1,4.0,0.01,10000,10,0.7558,0.0756
(400  200),true,euclidean,1000,0.0,0.3,0.0,1,[(100  100)  (300  100)],0.9,0.0,0.9,0.1,4.0,0.01,10000,10,0.9003,0.0474
(400  200),true,euclidean,1000,0.0,0.1,0.0,1,[(100  100)  (300  100)],0.8,0.5,0.7,0.1,4.0,0.01,10000,10,0.9568,0.0252
(400  200),true,euclidean,1000,0.0,0.0,0.0,1,[(100  100)  (300  100)],1.4,0.1,0.1,0.1,4.0,0.01,10000,10,0.6645,0.026
(400  200),true,euclidean,1000,0.0,1.0,0.0,1,[(100  100)  (300  100)],0.1,0.6,0.1,0.1,4.0,0.01,10000,10,0.7858,0.0307
(400  200),true,euclidean,1000,0.0,0.9,0.0,1,[(100  100)  (300  100)],1.1,0.2,0.9,0.1,4.0,0.01,10000,10,0.8942,0.0423
(400  200),true,euclidean,1000,0.0,0.0,0.0,1,[(100  100)  (300  100)],0.2,0.3,1.0,0.1,4.0,0.01,10000,10,0.697,0.0229
(400  200),true,euclidean,1000,0.0,0.0,0.0,1,[(100  100)  (300  100)],0.2,-1.0,0.7,0.1,4.0,0.01,10000,10,0.5721,0.0232
(400  200),true,euclidean,1000,0.0,0.1,0.0,1,[(100  100)  (300  100)],1.4,0.2,0.2,0.1,4.0,0.01,10000,10,0.7299,0.0929
(400  200),true,euclidean,1000,0.0,0.3,0.0,1,[(100  100)  (300  100)],1.7,0.1,0.9,0.1,4.0,0.01,10000,10,0.826,0.0351
(400  200),true,euclidean,1000,0.0,0.9,0.0,1,[(100  100)  (300  100)],0.0,-1.0,0.2,0.1,4.0,0.01,10000,10,0.6594,0.0997
(400  200),true,euclidean,1000,0.0,0.9,0.0,1,[(100  100)  (300  100)],0.8,-0.2,0.0,0.1,4.0,0.01,10000,10,0.4528,0.0049
(400  200),true,euclidean,1000,0.0,0.9,0.0,1,[(100  100)  (300  100)],1.6,-0.5,0.1,0.1,4.0,0.01,10000,10,0.399,0.1123
(400  200),true,euclidean,1000,0.0,0.9,0.0,1,[(100  100)  (300  100)],0.8,0.6,0.5,0.1,4.0,0.01,10000,10,0.8517,0.0731
(400  200),true,euclidean,1000,0.0,0.0,0.0,1,[(100  100)  (300  100)],0.7,0.1,0.9,0.1,4.0,0.01,10000,10,0.5993,0.0307
(400  200),true,euclidean,1000,0.0,0.1,0.0,1,[(100  100)  (300  100)],0.0,1.0,0.4,0.1,4.0,0.01,10000,10,0.976,0.0115
(400  200),true,euclidean,1000,0.0,0.1,0.0,1,[(100  100)  (300  100)],0.6,0.9,0.6,0.1,4.0,0.01,10000,10,0.9735,0.0202
(400  200),true,euclidean,1000,0.0,0.4,0.0,1,[(100  100)  (300  100)],0.8,-0.8,0.8,0.1,4.0,0.01,10000,10,0.8364,0.0456
(400  200),true,euclidean,1000,0.0,0.7,0.0,1,[(100  100)  (300  100)],1.5,1.0,1.0,0.1,4.0,0.01,10000,10,0.8119,0.0403
(400  200),true,euclidean,1000,0.0,0.1,0.0,1,[(100  100)  (300  100)],0.8,0.6,0.6,0.1,4.0,0.01,10000,10,0.9638,0.0265
(400  200),true,euclidean,1000,0.0,0.9,0.0,1,[(100  100)  (300  100)],1.5,-0.3,0.9,0.1,4.0,0.01,10000,10,0.7917,0.0765
(400  200),true,euclidean,1000,0.0,0.6,0.0,1,[(100  100)  (300  100)],1.6,-0.2,0.1,0.1,4.0,0.01,10000,10,0.4343,0.0967
(400  200),true,euclidean,1000,0.0,0.4,0.0,1,[(100  100)  (300  100)],0.8,-0.7,0.6,0.1,4.0,0.01,10000,10,0.8511,0.0502
(400  200),true,euclidean,1000,0.0,0.4,0.0,1,[(100  100)  (300  100)],1.9,-0.1,0.4,0.1,4.0,0.01,10000,10,0.6193,0.1041
(400  200),true,euclidean,1000,0.0,0.4,0.0,1,[(100  100)  (300  100)],1.3,-0.1,1.0,0.1,4.0,0.01,10000,10,0.8261,0.0574
(400  200),true,euclidean,1000,0.0,0.3,0.0,1,[(100  100)  (300  100)],1.9,-0.2,0.6,0.1,4.0,0.01,10000,10,0.6426,0.0937
(400  200),true,euclidean,1000,0.0,0.7,0.0,1,[(100  100)  (300  100)],1.0,-0.7,0.0,0.1,4.0,0.01,10000,10,0.4551,0.008
(400  200),true,euclidean,1000,0.0,0.5,0.0,1,[(100  100)  (300  100)],0.3,-0.7,0.4,0.1,4.0,0.01,10000,10,0.822,0.0681
(400  200),true,euclidean,1000,0.0,0.2,0.0,1,[(100  100)  (300  100)],0.9,0.1,0.8,0.1,4.0,0.01,10000,10,0.9129,0.0451
(400  200),true,euclidean,1000,0.0,0.6,0.0,1,[(100  100)  (300  100)],0.9,0.5,0.1,0.1,4.0,0.01,10000,10,0.6161,0.0929
(400  200),true,euclidean,1000,0.0,0.6,0.0,1,[(100  100)  (300  100)],0.3,-0.3,0.9,0.1,4.0,0.01,10000,10,0.8935,0.0522
(400  200),true,euclidean,1000,0.0,0.5,0.0,1,[(100  100)  (300  100)],0.8,-0.9,1.0,0.1,4.0,0.01,10000,10,0.8953,0.0441
(400  200),true,euclidean,1000,0.0,1.0,0.0,1,[(100  100)  (300  100)],0.7,-0.4,0.4,0.1,4.0,0.01,10000,10,0.757,0.1314
(400  200),true,euclidean,1000,0.0,0.4,0.0,1,[(100  100)  (300  100)],1.6,-0.1,0.6,0.1,4.0,0.01,10000,10,0.7156,0.028
(400  200),true,euclidean,1000,0.0,0.2,0.0,1,[(100  100)  (300  100)],0.8,-1.0,0.3,0.1,4.0,0.01,10000,10,0.7975,0.0741
(400  200),true,euclidean,1000,0.0,0.5,0.0,1,[(100  100)  (300  100)],1.6,-0.7,0.6,0.1,4.0,0.01,10000,10,0.7878,0.0858
(400  200),true,euclidean,1000,0.0,0.8,0.0,1,[(100  100)  (300  100)],0.0,0.1,0.1,0.1,4.0,0.01,10000,10,0.813,0.0558
(400  200),true,euclidean,1000,0.0,0.7,0.0,1,[(100  100)  (300  100)],0.2,-0.4,0.9,0.1,4.0,0.01,10000,10,0.9278,0.0463
(400  200),true,euclidean,1000,0.0,0.0,0.0,1,[(100  100)  (300  100)],0.6,0.6,0.9,0.1,4.0,0.01,10000,10,0.6698,0.0238
(400  200),true,euclidean,1000,0.0,0.6,0.0,1,[(100  100)  (300  100)],1.1,-0.8,0.1,0.1,4.0,0.01,10000,10,0.4235,0.1076
(400  200),true,euclidean,1000,0.0,0.1,0.0,1,[(100  100)  (300  100)],0.2,0.5,0.1,0.1,4.0,0.01,10000,10,0.9062,0.0223
(400  200),true,euclidean,1000,0.0,0.4,0.0,1,[(100  100)  (300  100)],1.5,0.1,0.2,0.1,4.0,0.01,10000,10,0.5599,0.125
(400  200),true,euclidean,1000,0.0,0.8,0.0,1,[(100  100)  (300  100)],0.2,-0.7,0.5,0.1,4.0,0.01,10000,10,0.8328,0.049
(400  200),true,euclidean,1000,0.0,0.9,0.0,1,[(100  100)  (300  100)],1.6,0.7,0.3,0.1,4.0,0.01,10000,10,0.6766,0.0422
(400  200),true,euclidean,1000,0.0,0.5,0.0,1,[(100  100)  (300  100)],0.3,-0.2,0.3,0.1,4.0,0.01,10000,10,0.7912,0.0575
(400  200),true,euclidean,1000,0.0,0.6,0.0,1,[(100  100)  (300  100)],1.6,-0.8,1.0,0.1,4.0,0.01,10000,10,0.8135,0.0803
(400  200),true,euclidean,1000,0.0,0.3,0.0,1,[(100  100)  (300  100)],1.1,-0.3,0.9,0.1,4.0,0.01,10000,10,0.8173,0.0651
(400  200),true,euclidean,1000,0.0,0.3,0.0,1,[(100  100)  (300  100)],0.2,0.3,0.7,0.1,4.0,0.01,10000,10,0.9666,0.0064
(400  200),true,euclidean,1000,0.0,0.6,0.0,1,[(100  100)  (300  100)],0.5,0.9,0.2,0.1,4.0,0.01,10000,10,0.9035,0.0361
(400  200),true,euclidean,1000,0.0,0.5,0.0,1,[(100  100)  (300  100)],0.8,1.0,0.4,0.1,4.0,0.01,10000,10,0.9464,0.0131
(400  200),true,euclidean,1000,0.0,0.1,0.0,1,[(100  100)  (300  100)],0.8,-0.5,0.1,0.1,4.0,0.01,10000,10,0.6051,0.091
(400  200),true,euclidean,1000,0.0,0.2,0.0,1,[(100  100)  (300  100)],0.6,-0.9,0.8,0.1,4.0,0.01,10000,10,0.895,0.0532
(400  200),true,euclidean,1000,0.0,0.1,0.0,1,[(100  100)  (300  100)],0.0,0.2,0.9,0.1,4.0,0.01,10000,10,0.9778,0.017
(400  200),true,euclidean,1000,0.0,0.1,0.0,1,[(100  100)  (300  100)],2.0,0.5,0.5,0.1,4.0,0.01,10000,10,0.6622,0.0739
(400  200),true,euclidean,1000,0.0,0.6,0.0,1,[(100  100)  (300  100)],1.1,1.0,0.1,0.1,4.0,0.01,10000,10,0.6341,0.0628
(400  200),true,euclidean,1000,0.0,0.8,0.0,1,[(100  100)  (300  100)],1.7,1.0,0.9,0.1,4.0,0.01,10000,10,0.7512,0.0444
(400  200),true,euclidean,1000,0.0,0.0,0.0,1,[(100  100)  (300  100)],1.7,-0.4,0.9,0.1,4.0,0.01,10000,10,0.5211,0.0412
(400  200),true,euclidean,1000,0.0,0.2,0.0,1,[(100  100)  (300  100)],2.0,0.9,0.0,0.1,4.0,0.01,10000,10,0.4537,0.0064
(400  200),true,euclidean,1000,0.0,0.5,0.0,1,[(100  100)  (300  100)],0.8,0.9,1.0,0.1,4.0,0.01,10000,10,0.9614,0.0083
(400  200),true,euclidean,1000,0.0,0.9,0.0,1,[(100  100)  (300  100)],0.2,-0.9,0.2,0.1,4.0,0.01,10000,10,0.594,0.0866
(400  200),true,euclidean,1000,0.0,0.6,0.0,1,[(100  100)  (300  100)],1.4,0.3,0.2,0.1,4.0,0.01,10000,10,0.5914,0.0994
(400  200),true,euclidean,1000,0.0,0.7,0.0,1,[(100  100)  (300  100)],1.3,0.7,0.7,0.1,4.0,0.01,10000,10,0.8493,0.0369
(400  200),true,euclidean,1000,0.0,0.4,0.0,1,[(100  100)  (300  100)],2.0,0.1,0.1,0.1,4.0,0.01,10000,10,0.4338,0.0824
(400  200),true,euclidean,1000,0.0,0.1,0.0,1,[(100  100)  (300  100)],1.6,0.6,0.8,0.1,4.0,0.01,10000,10,0.8144,0.0567
(400  200),true,euclidean,1000,0.0,0.5,0.0,1,[(100  100)  (300  100)],0.4,-1.0,0.8,0.1,4.0,0.01,10000,10,0.8621,0.0565
(400  200),true,euclidean,1000,0.0,0.3,0.0,1,[(100  100)  (300  100)],1.5,0.8,0.9,0.1,4.0,0.01,10000,10,0.8346,0.0342
(400  200),true,euclidean,1000,0.0,0.3,0.0,1,[(100  100)  (300  100)],1.5,-0.6,0.5,0.1,4.0,0.01,10000,10,0.7706,0.0778
(400  200),true,euclidean,1000,0.0,0.2,0.0,1,[(100  100)  (300  100)],1.7,-0.9,0.5,0.1,4.0,0.01,10000,10,0.7537,0.0942
(400  200),true,euclidean,1000,0.0,0.5,0.0,1,[(100  100)  (300  100)],0.5,0.1,0.0,0.1,4.0,0.01,10000,10,0.4548,0.006
(400  200),true,euclidean,1000,0.0,0.4,0.0,1,[(100  100)  (300  100)],1.1,-0.1,0.1,0.1,4.0,0.01,10000,10,0.4663,0.0703
(400  200),true,euclidean,1000,0.0,0.2,0.0,1,[(100  100)  (300  100)],0.5,-0.8,0.4,0.1,4.0,0.01,10000,10,0.8328,0.0953
